model,depth,phase,calls,tokens,forward_ms,server_executor_ms,process_read_bytes,cache_hit_fraction,hash_ns,start_ns,wait_ns,blocked_ns,copies_ns,decode_ns,pread_ns,gathers,rows,unique_rows,cache_hits,io_rows,pread_calls,requested_bytes,returned_bytes
q2,0,prefill,1,2040,2618.770993,2618.877541,2146197504,0.02991438056963131,46858,2039495,1180693293,1180491538,200505,5539664,38354498865,1,32640,28615,856,27759,27759,121106432,121106432
q2,0,decode,128,128,5190.725743,5199.460357,198385664,0.01513671875,8410,2920554,265720597,265645538,3350,568300,2410522116,128,2048,2048,31,2017,2017,8728576,8728576
q2,4096,prefill,1,2042,2430.321766,2430.427304,1709359104,0.027473495121693496,46969,2013776,914920112,914685637,232725,5648046,29844136265,1,32672,28391,780,27611,27611,120446976,120446976
q2,4096,decode,128,128,5097.37752,5107.190918,172523520,0.01123046875,8360,2696537,169373509,169314831,3570,598900,1579893289,128,2048,2048,23,2025,2025,8843264,8843264
q2,8192,prefill,1,2047,2880.592322,2880.70293,1328742400,0.027918338858837898,47269,2189071,1344584996,1344396870,186226,5798009,43596664947,1,32752,28655,800,27855,27855,121229312,121229312
q2,8192,decode,128,128,5780.763819,5794.144911,105009152,0.01123046875,21129,4055234,728847609,728461672,6030,713170,8350580273,128,2048,2048,23,2025,2025,8814592,8814592
q2,12288,prefill,1,2046,2223.659873,2223.77664,1063813120,0.027903707608504656,47189,2031475,681163720,680949885,212955,5815953,22357201760,1,32736,28455,794,27661,27661,120614912,120614912
q2,12288,decode,128,128,5202.024736,5211.526126,38445056,0.00390625,10530,2922994,190156636,189920840,4460,659209,1837173230,128,2048,2048,8,2040,2040,8876032,8876032
q2,16384,prefill,1,2046,2018.429109,2018.543986,834535424,0.029068130630630632,47519,2084904,462508804,462292958,214976,6154436,15298447043,1,32736,28416,826,27590,27590,120242176,120242176
q2,16384,decode,128,128,5140.419399,5149.257772,82984960,0.00634765625,8280,2791208,161078851,160947872,4100,629954,837790568,128,2048,2048,13,2035,2035,8871936,8871936
q2,32768,prefill,1,2028,1918.213553,1918.35251,636280832,0.03014505089193886,46999,2042475,344501094,344290858,209216,6154899,11684438282,1,32448,28197,850,27347,27347,119164928,119164928
q2,32768,decode,128,128,5070.318909,5078.727094,42496000,0.00927734375,8850,2653719,54457142,54209047,3630,613551,353782113,128,2048,2048,19,2029,2029,8794112,8794112
q2,65536,prefill,2,2057,1987.173832,1987.499794,504303616,0.02815723445776415,48309,2171203,289297339,289097023,199066,6250548,9816083983,2,32912,28696,808,27888,27888,121733120,121733120
q2,65536,decode,128,128,5134.587873,5143.080713,57081856,0.02392578125,7940,2608915,72914461,72699302,3870,611912,481614554,128,2048,2048,49,1999,1999,8704000,8704000
q2,131072,prefill,1,2046,1878.350897,1878.750199,279265280,0.026243676222596966,50419,2244940,139082953,138881338,200815,6252151,5022132038,1,32736,28464,747,27717,27717,120528896,120528896
q2,131072,decode,128,128,5254.837968,5263.899124,79339520,0.01611328125,8380,2706901,107059647,106933061,3830,639449,595086817,128,2048,2048,33,2015,2015,8785920,8785920
ud,0,prefill,1,2040,1330.554967,1330.668285,103137280,0.13992661191682684,47239,2132383,114089188,113938961,149547,5679304,4179242635,1,32640,28615,4004,24611,24611,103137280,103137280
ud,0,decode,128,128,5149.186792,5157.749086,8265728,0.0341796875,8720,2990320,82848398,82711811,4260,1379295,1167058379,128,2048,2048,70,1978,1978,8265728,8265728
ud,4096,prefill,1,2042,1419.167571,1419.276368,99565568,0.16142439505477088,47369,2134563,94849975,94692759,156576,5771808,4054356146,1,32672,28391,4583,23808,23808,99532800,99532800
ud,4096,decode,128,128,4949.508237,4957.859696,8138752,0.04541015625,8380,2934334,43238695,43065719,6800,1224552,531527114,128,2048,2048,93,1955,1955,8138752,8138752
ud,8192,prefill,1,2047,1438.791525,1438.914633,100331520,0.16360146571279008,47129,2132233,110579156,110428759,149847,5797835,4070564824,1,32752,28655,4688,23967,23967,100331520,100331520
ud,8192,decode,128,128,5000.369342,5008.949384,7888896,0.07861328125,8290,2915144,86600796,86499017,4360,1218986,1194845103,128,2048,2048,161,1887,1887,7888896,7888896
ud,12288,prefill,1,2046,1451.315597,1451.445764,99540992,0.16443507292215778,47249,2162062,109146028,108981742,163486,5643571,4024013778,1,32736,28455,4679,23776,23776,99540992,99540992
ud,12288,decode,128,128,5007.678857,5016.127675,8224768,0.03857421875,8500,2844842,87466559,87331021,4210,1240963,1226638126,128,2048,2048,79,1969,1969,8224768,8224768
ud,16384,prefill,1,2046,1460.129461,1460.268099,99745792,0.16071931306306306,47629,2166212,109364152,109210746,152786,5752135,4036064787,1,32736,28416,4567,23849,23849,99745792,99745792
ud,16384,decode,128,128,5007.347644,5015.868977,8105984,0.052734375,8650,2867361,82261069,82164353,4300,1387390,1148007030,128,2048,2048,108,1940,1940,8105984,8105984
ud,32768,prefill,1,2028,1467.238913,1467.37389,98492416,0.1673582295988935,46879,2170562,108627919,108481342,145917,5614499,3990511336,1,32448,28197,4719,23478,23478,98492416,98492416
ud,32768,decode,128,128,4993.498458,5001.90666,8335360,0.0341796875,7690,2801762,45214747,45033320,5020,1296474,545127874,128,2048,2048,70,1978,1978,8335360,8335360
ud,65536,prefill,2,2057,1632.509785,1632.846278,100151296,0.1659464733760803,49749,2269479,109947090,109782513,163657,5688465,4073525268,2,32912,28696,4762,23934,23934,100151296,100151296
ud,65536,decode,128,128,5075.429337,5083.975698,8466432,0.01171875,8049,2879856,64282747,64142091,3830,1269046,868225791,128,2048,2048,24,2024,2024,8466432,8466432
ud,131072,prefill,1,2046,1618.454957,1618.853848,104640512,0.16150224845418776,47499,2191251,112862515,112700848,161087,5687991,4135606659,1,32736,28464,4597,23867,23867,99921920,99921920
ud,131072,decode,128,128,5171.563375,5180.195911,8380416,0.02294921875,8470,2905014,44658837,44518381,4369,1255941,547838266,128,2048,2048,47,2001,2001,8364032,8364032
