api,stream,concurrency,scope,side,median,min,max
chat,False,1,end_to_end_ms,baseline,3717.422395,3712.109486,3717.756836
chat,False,1,end_to_end_ms,candidate,3718.994798,3716.458211,3719.470272
chat,False,1,executor_prefill_tps,baseline,1644.088708556637,1641.1986763457803,1652.041602964026
chat,False,1,executor_prefill_tps,candidate,1642.5460693490882,1639.97633952647,1647.1316888698043
chat,False,1,executor_decode_tps,baseline,26.010735640953534,25.99749900403683,26.015416332479674
chat,False,1,executor_decode_tps,candidate,26.016867645885196,26.015494894610953,26.016910521908795
chat,False,1,aggregate_output_tps,baseline,17.216230279906085,17.21468154675192,17.240870788259937
chat,False,1,aggregate_output_tps,candidate,17.208951202195255,17.20675131665631,17.22069679421454
chat,False,2,end_to_end_ms,baseline,5293.5890595,5284.950496,5303.492779
chat,False,2,end_to_end_ms,candidate,5300.206931000001,5291.126802,5307.133111
chat,False,2,executor_prefill_tps,baseline,1642.9740358089998,1632.2891660273422,1649.709001915406
chat,False,2,executor_prefill_tps,candidate,1640.8174883838662,1631.2684788587437,1647.1334904809999
chat,False,2,executor_decode_tps,baseline,23.041202972912384,23.038617255367942,23.042732837698143
chat,False,2,executor_decode_tps,candidate,23.03764198399774,23.033287115231264,23.039954403930235
chat,False,2,aggregate_output_tps,baseline,24.16816166099951,24.135038046405153,24.19664554553071
chat,False,2,aggregate_output_tps,candidate,24.13586408706798,24.11848305343928,24.169235521872725
chat,True,1,end_to_end_ms,baseline,3716.341755,3713.826741,3717.239884
chat,True,1,end_to_end_ms,candidate,3718.485317,3718.425855,3720.69125
chat,True,1,first_text_ms,baseline,1291.592341,1290.438051,1292.60334
chat,True,1,first_text_ms,candidate,1295.809228,1294.862905,1296.519218
chat,True,1,executor_prefill_tps,baseline,1643.8677293469193,1642.4660937306833,1646.661441062116
chat,True,1,executor_prefill_tps,candidate,1641.2176315453976,1640.9335565439053,1641.5375761556973
chat,True,1,executor_decode_tps,baseline,25.99492640124725,25.993796820019217,26.008461567690734
chat,True,1,executor_decode_tps,candidate,26.00560177728459,25.999672656808844,26.013730750273655
chat,True,1,aggregate_output_tps,baseline,17.221236425281344,17.217075571440308,17.232898695421397
chat,True,1,aggregate_output_tps,candidate,17.211309053018912,17.20110476783044,17.21158428208057
chat,True,2,end_to_end_ms,baseline,5317.1494505,5298.215256,5331.957575
chat,True,2,end_to_end_ms,candidate,5304.473288,5298.76286,5348.943386
chat,True,2,first_text_ms,baseline,2558.0901274999997,2551.367085,2561.593962
chat,True,2,first_text_ms,candidate,2564.886472,2561.703383,2606.684375
chat,True,2,executor_prefill_tps,baseline,1642.6831445641446,1633.2414786701613,1646.4874683782689
chat,True,2,executor_prefill_tps,candidate,1639.0244835629865,1579.1976931129593,1642.4716212494482
chat,True,2,executor_decode_tps,baseline,22.814254942225134,22.771525232273355,23.031984350765647
chat,True,2,executor_decode_tps,candidate,23.02889510384554,23.025600593442835,23.04173482788357
chat,True,2,aggregate_output_tps,baseline,24.061050331586312,24.00619250988695,24.135769916214002
chat,True,2,aggregate_output_tps,candidate,24.12515662626539,23.928681257946902,24.13310486990532
responses,False,1,end_to_end_ms,baseline,3716.472707,3716.080898,3718.504323
responses,False,1,end_to_end_ms,candidate,3719.910847,3717.432886,3722.261159
responses,False,1,aggregate_output_tps,baseline,17.220629625358367,17.211221082665393,17.222445301027996
responses,False,1,aggregate_output_tps,candidate,17.204713401025227,17.193849992297114,17.21618169383139
responses,True,1,end_to_end_ms,baseline,3716.211135,3715.385374,3717.24435
responses,True,1,end_to_end_ms,candidate,3721.025702,3720.675642,3721.58807
responses,True,1,first_text_ms,baseline,1293.324435,1292.223168,1294.322029
responses,True,1,first_text_ms,candidate,1297.843919,1296.749013,1299.09057
responses,True,1,aggregate_output_tps,baseline,17.22184172939894,17.21705488637033,17.225669360671816
responses,True,1,aggregate_output_tps,candidate,17.199558703827517,17.196959683934068,17.20117692538166
