phase,kernel,calls,total_ns,max_ns,kernel_time_percent,private_bytes_per_work_item,shared_bytes_per_work_group,work_items_per_group
prefill,"void gufo::models::qwen38_flash_next::rocm::RoutedQ2HalfStorageKernel<(gufo::models::qwen38_flash_next::rocm::WeightType)10, 128, 48, 2, false, false, true>(void const*, std::conditional<(((gufo::models::qwen38_flash_next::rocm::WeightType)10)==((gufo::models::qwen38_flash_next::rocm::WeightType)10))&&(!(true)), float, __half>::type const*, int const*, int const*, int const*, int const*, float const*, float*, __half*, unsigned long, unsigned long, void const*)",48,161558060,3637631,12.222270069902557,0,18560,256
prefill,"void gufo::models::qwen38_flash_next::rocm::DenseF16GEMMKernel<256, 128, 2, 8, 1, 1, false, true, false, false, false>(void const*, __half const*, float*, unsigned long, unsigned long, unsigned long, std::conditional<false, float, __half>::type const*, __half*, void*, float const*, float*, gufo::models::qwen38_flash_next::rocm::AttentionProjectionOutput)",36,160217893,4707445,12.12088309476327,0,49152,256
prefill,"void gufo::models::qwen38_flash_next::rocm::(anonymous namespace)::RoutedF16GEMMKernel<(gufo::models::qwen38_flash_next::rocm::WeightType)16, 128, 128, 2, true, false, false>(void const*, std::conditional<(((gufo::models::qwen38_flash_next::rocm::WeightType)16)==((gufo::models::qwen38_flash_next::rocm::WeightType)10))&&(!(false)), float, __half>::type const*, int const*, int const*, int const*, int const*, float const*, float*, __half*, unsigned long, unsigned long, void const*)",48,135807810,3280640,10.274199451404733,0,25728,256
prefill,"void gufo::models::qwen38_flash_next::rocm::(anonymous namespace)::RoutedF16GEMMKernel<(gufo::models::qwen38_flash_next::rocm::WeightType)16, 128, 64, 2, true, false, false>(void const*, std::conditional<(((gufo::models::qwen38_flash_next::rocm::WeightType)16)==((gufo::models::qwen38_flash_next::rocm::WeightType)10))&&(!(false)), float, __half>::type const*, int const*, int const*, int const*, int const*, float const*, float*, __half*, unsigned long, unsigned long, void const*)",48,103691949,2964488,7.844554488662232,0,17536,256
prefill,"void gufo::models::qwen38_flash_next::rocm::(anonymous namespace)::HcDownBk256Kernel<64, 32, 16, 16, 256, 1>(unsigned short const*, unsigned short const*, float*, int, int, int, int, int)",96,89322858,1348647,6.757496926439671,0,50688,256
prefill,"gufo::models::qwen38_flash_next::rocm::(anonymous namespace)::GdnRowSplitKernel(float const*, float const*, float const*, float*, float*, unsigned int, unsigned int, unsigned int)",36,82683022,2370862,6.255176777188923,0,10400,256
prefill,"gufo::models::qwen38_flash_next::rocm::HcCombineMoeHalfDeferredNormKernel(float*, __half const*, float const*, float const*, float const*, unsigned int, unsigned int, float const*, unsigned int, float const*, float*, unsigned int, float, __half*)",47,72901858,1599841,5.515207332111355,0,10368,256
prefill,"gufo::models::qwen38_flash_next::rocm::(anonymous namespace)::HcCombineF32HalfKernel(float*, float const*, float const*, unsigned int, float const*, float*, __half*, unsigned int, float)",48,72901302,1565441,5.515165269325018,0,128,256
prefill,"void gufo::models::qwen38_flash_next::rocm::DenseF16GEMMKernel<256, 128, 2, 8, 1, 1, false, false, false, false, false>(void const*, __half const*, float*, unsigned long, unsigned long, unsigned long, std::conditional<false, float, __half>::type const*, __half*, void*, float const*, float*, gufo::models::qwen38_flash_next::rocm::AttentionProjectionOutput)",36,69729180,2173787,5.275186330616052,0,49152,256
prefill,"void gufo::models::qwen38_flash_next::rocm::DenseF16GEMMKernel<256, 128, 2, 8, 1, 1, false, false, true, false, false>(void const*, __half const*, float*, unsigned long, unsigned long, unsigned long, std::conditional<false, float, __half>::type const*, __half*, void*, float const*, float*, gufo::models::qwen38_flash_next::rocm::AttentionProjectionOutput)",12,48445659,4201818,3.665034898366602,0,49152,256
prefill,"void gufo::models::qwen38_flash_next::rocm::DenseF16GEMMKernel<256, 128, 1, 4, 2, 8, true, false, false, true, true>(void const*, __half const*, float*, unsigned long, unsigned long, unsigned long, std::conditional<true, float, __half>::type const*, __half*, void*, float const*, float*, gufo::models::qwen38_flash_next::rocm::AttentionProjectionOutput)",50,44692230,912738,3.3810786356694376,0,24576,512
prefill,"void gufo::models::qwen38_flash_next::rocm::(anonymous namespace)::WmmaCausalAttentionKernel<16u, 16u, false, false>(float const*, float const*, __half const*, __half const*, unsigned int const*, unsigned int, float*, unsigned int, unsigned int, unsigned int)",12,43391424,3652871,3.282669418323366,0,18432,256
prefill,"gufo::models::qwen38_flash_next::rocm::HcMixDeferredNormKernel(void const*, __half const*, float*, unsigned long, unsigned long, unsigned long, float const*, __half*, void*, float const*, float const*)",46,40591773,1008976,3.0708688394882846,0,24576,512
prefill,"void gufo::models::qwen38_flash_next::rocm::(anonymous namespace)::GdnEpilogueKernel<false>(float const*, float const*, unsigned int, float const*, float*, void*, __half*, unsigned int, unsigned int, float, gufo::models::qwen38_flash_next::rocm::GdnBatchItem const*, unsigned int)",36,21948743,616305,1.6604771352223666,0,0,256
prefill,"void gufo::hip::WKQuantA8BlockedWmmaGEMMKernel<128, 128, 2, 4, 1, (gufo::core::GgmlType)8, 64>(void const*, void const*, float*, unsigned long, unsigned long, unsigned long)",12,21933702,1837395,1.6593392460689478,0,18432,256
prefill,"void gufo::models::qwen38_flash_next::rocm::(anonymous namespace)::HcMixEpilogueVec4Kernel<float, false>(float const*, float const*, float const*, float*, float*, unsigned int)",50,20272385,421590,1.5336564726702062,0,128,256
prefill,"void gufo::models::qwen38_flash_next::rocm::(anonymous namespace)::W8A8BlockedWmmaGEMMKernel<128, 128, 2, 4, 2, false>(void const*, void const*, std::conditional<false, __half, float>::type*, unsigned long, unsigned long, unsigned long)",96,20083428,226834,1.5193614044724413,0,18432,256
prefill,"void gufo::models::qwen38_flash_next::rocm::HcInjectDeferredNormKernel<float, false>(float const*, float const*, float const*, float*, float*, unsigned int, float const*, float const*)",46,19276450,442950,1.4583115066433276,0,128,256
prefill,"void gufo::models::qwen38_flash_next::rocm::DenseF16GEMMKernel<64, 64, 2, 2, 4, 1, false, false, false, true, false>(void const*, __half const*, float*, unsigned long, unsigned long, unsigned long, std::conditional<true, float, __half>::type const*, __half*, void*, float const*, float*, gufo::models::qwen38_flash_next::rocm::AttentionProjectionOutput)",84,18448785,354631,1.3956965856829875,0,18432,256
prefill,"gufo::models::qwen38_flash_next::rocm::PackQ2ScaledRowsKernel(float const*, __half*, float*, unsigned long)",48,17096259,381910,1.2933746213776163,0,36,256
prefill,"void gufo::models::qwen38_flash_next::rocm::DenseF16GEMMKernel<256, 128, 1, 4, 2, 1, false, false, false, false, false>(void const*, __half const*, float*, unsigned long, unsigned long, unsigned long, std::conditional<false, float, __half>::type const*, __half*, void*, float const*, float*, gufo::models::qwen38_flash_next::rocm::AttentionProjectionOutput)",50,14834641,2986607,1.122277580530797,0,24576,256
prefill,"gufo::models::qwen38_flash_next::rocm::(anonymous namespace)::GdnPrepKqKernel(float const*, float*, unsigned int, unsigned int, unsigned int, float)",36,6710034,188595,0.5076308029833271,0,0,32
prefill,"gufo::models::qwen38_flash_next::rocm::SsmConvBoundaryKernel(float const*, float const*, float const*, float*, unsigned int, unsigned int, unsigned int)",36,5939053,168515,0.4493041679595867,0,0,256
prefill,"gufo::models::qwen38_flash_next::rocm::(anonymous namespace)::QuantizeQ8TiledVec4Kernel(float const*, void*, unsigned long, unsigned long)",24,5611139,288392,0.42449665623468713,0,0,256
prefill,"gufo::models::qwen38_flash_next::rocm::(anonymous namespace)::RmsNormKernel(float const*, float const*, float*, unsigned int, unsigned int, float)",6,4466772,990256,0.33792243930558946,0,128,256
prefill,"void gufo::models::qwen38_flash_next::rocm::(anonymous namespace)::RouterTopKKernel<512u>(float const*, unsigned int, int*, float*, unsigned int, unsigned int)",48,3091483,77238,0.23387839729266718,0,4480,256
prefill,"void qfn_mmq::mul_mat_vec_q8<1, false, 1, false>(void const*, void const*, qfn_mmq::block_q8_1 const*, float*, unsigned int, unsigned int, unsigned int, unsigned int)",1,3089205,3089205,0.2337060609126733,0,0,32
prefill,"void gufo::models::qwen38_flash_next::rocm::(anonymous namespace)::NarrowKernel<__half>(float const*, __half*, unsigned long)",99,2397618,582666,0.18138577995093297,0,0,256
prefill,"gufo::models::qwen38_flash_next::rocm::(anonymous namespace)::PleGateKernel(float const*, float const*, float const*, float*, unsigned int, unsigned int)",1,1841635,1841635,0.13932427970591496,0,128,256
prefill,"gufo::models::qwen38_flash_next::rocm::(anonymous namespace)::PleInjectKernel(float*, float const*, float const*, unsigned long)",1,1512604,1512604,0.11443226414587354,0,0,256
prefill,"gufo::models::qwen38_flash_next::rocm::(anonymous namespace)::PleConvKernel(float const*, float const*, float const*, float*, unsigned int, unsigned int, unsigned int, unsigned int, unsigned int)",1,1103093,1103093,0.083451735915986,0,0,256
prefill,"gufo::models::qwen38_flash_next::rocm::(anonymous namespace)::SiluScaleKernel(float*, float, unsigned long)",97,979462,12519,0.07409874250289275,0,0,256
prefill,"gufo::models::qwen38_flash_next::rocm::(anonymous namespace)::SwigluHalfKernel(float const*, float const*, __half*, unsigned long)",48,822215,19958,0.06220261487124152,0,0,256
prefill,"void gufo::models::qwen38_flash_next::rocm::(anonymous namespace)::W8A8BlockedWmmaGEMMKernel<64, 128, 4, 2, 4, false>(void const*, void const*, std::conditional<false, __half, float>::type*, unsigned long, unsigned long, unsigned long)",12,819501,71438,0.06199729400411972,0,27648,256
prefill,"void gufo::models::qwen38_flash_next::rocm::(anonymous namespace)::HcCombineVec4Kernel<float>(float*, float const*, float const*, unsigned int, float const*, float*, void*, unsigned int, float)",1,813580,813580,0.06154935559062372,0,128,256
prefill,"void gufo::models::qwen38_flash_next::rocm::(anonymous namespace)::MoeEpilogueVec4Kernel<__half>(__half const*, float const*, float const*, float const*, unsigned int, float*, unsigned int, unsigned int)",1,668744,668744,0.050592151054716275,0,0,256
prefill,"gufo::models::qwen38_flash_next::rocm::(anonymous namespace)::EmbedKernel(void const*, gufo::models::qwen38_flash_next::rocm::WeightType, int const*, float*, unsigned int, unsigned int)",1,419870,419870,0.03176421240914867,0,0,256
prefill,__amd_rocclr_copyBuffer,98,333391,10040,0.025221860431320374,0,0,512
prefill,__amd_rocclr_fillBufferAligned,144,242592,2440,0.01835268968194964,0,0,256
prefill,"gufo::models::qwen38_flash_next::rocm::(anonymous namespace)::GdnPrepAbKernel(float const*, float const*, float const*, float*, unsigned long, unsigned int)",36,234398,7360,0.01773279315092679,0,0,256
prefill,"gufo::models::qwen38_flash_next::rocm::(anonymous namespace)::RoutedPadBoundsKernel(unsigned int const*, int*, int*, unsigned int)",48,233035,5640,0.017629678802405416,0,4096,1024
prefill,"gufo::models::qwen38_flash_next::rocm::(anonymous namespace)::RoutedScatterKernel(int const*, int const*, int*, int*, int*, unsigned int, unsigned int)",48,208876,5560,0.015801990214050394,0,0,256
prefill,"gufo::models::qwen38_flash_next::rocm::ExpertCountsKernel(int const*, unsigned int*, unsigned long)",48,125116,3760,0.009465337365810955,0,0,256
prefill,"gufo::models::qwen38_flash_next::rocm::(anonymous namespace)::HistoryShiftKernel(float const*, unsigned int, float const*, float*, unsigned int, unsigned int, unsigned int)",37,99078,3360,0.007495497742333657,0,0,256
prefill,"gufo::models::qwen38_flash_next::rocm::(anonymous namespace)::StoreRowsKernel(float const*, float*, unsigned int, unsigned int const*, unsigned int)",12,73758,6480,0.0055799766091266054,0,0,256
prefill,"gufo::models::qwen38_flash_next::rocm::(anonymous namespace)::CopyKernel(float const*, float*, unsigned long)",37,66317,2959,0.005017046405643444,0,0,256
prefill,"gufo::models::qwen38_flash_next::rocm::(anonymous namespace)::HcDownF16VecKernel(__half const*, float const*, float*)",1,53479,53479,0.004045819695212475,0,64,512
prefill,"gufo::models::qwen38_flash_next::rocm::(anonymous namespace)::HcUpF16VecKernel(__half const*, float const*, float*)",1,43319,43319,0.003277190362140452,0,0,128
prefill,"gufo::models::qwen38_flash_next::rocm::(anonymous namespace)::HcMixEpilogueKernel(float const*, float const*, float const*, float*, float*, unsigned int, unsigned int)",1,2520,2520,0.00019064428339975387,0,256,256
prefill,"qfn_mmq::quantize_q8_1(float const*, void*, long, long, long, long, long, unsigned int, HIP_vector_type<unsigned int, 3u>)",1,2200,2200,0.00016643548550772163,0,0,256
decode,"void qfn_mmq::mul_mat_vec_q8<1, false, 1, false>(void const*, void const*, qfn_mmq::block_q8_1 const*, float*, unsigned int, unsigned int, unsigned int, unsigned int)",2565,248309131,3011047,46.5101680974876,0,0,32
decode,"gufo::models::qwen38_flash_next::rocm::(anonymous namespace)::HcDownF16VecKernel(__half const*, float const*, float*)",1455,44609328,46399,8.355662700120199,0,64,512
decode,"gufo::models::qwen38_flash_next::rocm::(anonymous namespace)::HcUpF16VecKernel(__half const*, float const*, float*)",1455,43580026,50959,8.162866692779334,0,0,128
decode,"void qfn_mmq::mul_mat_vec_q_moe<(qfn_mmq::ggml_type)16, 2, true>(void const*, void const*, int const*, float*, unsigned int, unsigned int, unsigned int, unsigned int, unsigned int, unsigned int, unsigned int, unsigned int, unsigned int, void const*)",720,37626242,130397,7.047678163300198,0,16,64
decode,"void qfn_mmq::mul_mat_vec_q_moe<(qfn_mmq::ggml_type)10, 2, false>(void const*, void const*, int const*, float*, unsigned int, unsigned int, unsigned int, unsigned int, unsigned int, unsigned int, unsigned int, unsigned int, unsigned int, void const*)",720,35702009,170396,6.687254847700366,0,0,256
decode,"void gufo::models::qwen38_flash_next::rocm::(anonymous namespace)::SmallGemmKernel<(gufo::models::qwen38_flash_next::rocm::WeightType)1, 1u, false>(void const*, float const*, float*, unsigned int, unsigned int)",1260,28380112,65918,5.315808461934995,0,0,128
decode,"gufo::models::qwen38_flash_next::rocm::(anonymous namespace)::HcMixEpilogueKernel(float const*, float const*, float const*, float*, float*, unsigned int, unsigned int)",1455,15100893,44599,2.8285108526765126,0,256,256
decode,"void gufo::models::qwen38_flash_next::rocm::(anonymous namespace)::GdnKernel<false>(float const*, float const*, float const*, float const*, float const*, float const*, float*, float*, gufo::models::qwen38_flash_next::rocm::RollbackRows, unsigned int, unsigned int, unsigned int, gufo::models::qwen38_flash_next::rocm::GdnBatchItem const*, unsigned int)",540,14127563,68278,2.6461988219750414,0,0,128
decode,"gufo::models::qwen38_flash_next::rocm::(anonymous namespace)::AttentionKernel(float const*, __half const*, __half const*, unsigned int const*, unsigned int, float*, float*, unsigned int const*, unsigned int, unsigned int, unsigned int, unsigned int)",180,13985973,80158,2.619677949889499,0,15776,256
decode,"void gufo::models::qwen38_flash_next::rocm::(anonymous namespace)::HcCombineKernel<float>(float*, float const*, float const*, unsigned int, float const*, float*, void*, unsigned int, unsigned int, float)",1440,13389086,29999,2.5078765248134105,0,128,256
decode,"void qfn_mmq::mul_mat_vec_q8<1, true, 1, false>(void const*, void const*, qfn_mmq::block_q8_1 const*, float*, unsigned int, unsigned int, unsigned int, unsigned int)",720,13228195,28279,2.477740430239535,0,0,32
decode,"qfn_mmq::quantize_q8_1(float const*, void*, long, long, long, long, long, unsigned int, HIP_vector_type<unsigned int, 3u>)",4710,6581585,7200,1.23278037930028,0,0,256
decode,"void gufo::models::qwen38_flash_next::rocm::(anonymous namespace)::RouterTopKKernel<512u>(float const*, unsigned int, int*, float*, unsigned int, unsigned int)",720,4486210,27599,0.8403008797152524,0,4480,256
decode,"gufo::models::qwen38_flash_next::rocm::(anonymous namespace)::MoeEpilogueKernel(float const*, float const*, float const*, float const*, unsigned int, float*, unsigned int, unsigned int)",720,2516771,12480,0.4714101402613421,0,0,256
decode,"void gufo::models::qwen38_flash_next::rocm::(anonymous namespace)::SsmConv4Kernel<true, false>(float const*, unsigned int, float const*, float*, float*, unsigned int, unsigned int, gufo::models::qwen38_flash_next::rocm::RollbackRows, gufo::models::qwen38_flash_next::rocm::GdnBatchItem const*, unsigned int)",540,1757473,9920,0.32918791317744905,0,0,256
decode,"gufo::models::qwen38_flash_next::rocm::(anonymous namespace)::SiluScaleKernel(float*, float, unsigned long)",1455,1562961,4960,0.2927543523955924,0,0,256
decode,"void gufo::models::qwen38_flash_next::rocm::(anonymous namespace)::GdnEpilogueKernel<false>(float const*, float const*, unsigned int, float const*, float*, void*, __half*, unsigned int, unsigned int, float, gufo::models::qwen38_flash_next::rocm::GdnBatchItem const*, unsigned int)",540,1555851,12960,0.29142259591188446,0,0,256
decode,"gufo::models::qwen38_flash_next::rocm::(anonymous namespace)::RmsNormKernel(float const*, float const*, float*, unsigned int, unsigned int, float)",270,1532883,27200,0.28712051673919753,0,128,256
decode,"void gufo::models::qwen38_flash_next::rocm::(anonymous namespace)::GdnPrepKernel<false>(float const*, float*, float*, unsigned int, unsigned int, unsigned int, float, gufo::models::qwen38_flash_next::rocm::GdnBatchItem const*, unsigned int)",540,1017736,7760,0.19062960853769265,0,0,256
decode,"void gufo::models::qwen38_flash_next::rocm::(anonymous namespace)::PrepareAttentionKernel<1u>(float const*, unsigned int, float const*, float const*, float*, float*, __half*, __half*, unsigned int, unsigned int, unsigned int, unsigned int, unsigned int const*, float, float, gufo::models::qwen::vision::DeviceRope const*)",180,716151,5080,0.1341404694182746,0,1056,256
decode,"gufo::models::qwen38_flash_next::rocm::(anonymous namespace)::SelectMarkKernel(unsigned int*, float const*, unsigned int const*, unsigned int, unsigned int, unsigned int, unsigned int, unsigned int)",180,638461,5160,0.11958854800909448,0,17456,256
decode,"gufo::models::qwen38_flash_next::rocm::(anonymous namespace)::AttentionMergeKernel(float const*, float*, unsigned int, unsigned int, unsigned int)",180,519707,3760,0.09734503050329224,0,0,256
decode,"gufo::models::qwen38_flash_next::rocm::(anonymous namespace)::SelectScoreKernel(float const*, __half const*, float*, unsigned int, unsigned int const*, unsigned int, unsigned int, unsigned int, unsigned int)",180,503271,3680,0.09426644406641124,0,0,256
decode,__amd_rocclr_copyBuffer,59,438506,15160,0.0821354723832403,0,0,512
decode,"gufo::models::qwen38_flash_next::rocm::(anonymous namespace)::PoolBlocksKernel(float const*, float const*, __half*, unsigned int const*, unsigned int const*, unsigned int, unsigned int, unsigned int, unsigned int, float, float, unsigned int, gufo::models::qwen::vision::DeviceRope const*)",180,416149,14160,0.07794783810669197,0,1152,256
decode,"gufo::models::qwen38_flash_next::rocm::(anonymous namespace)::StoreRowsKernel(float const*, float*, unsigned int, unsigned int const*, unsigned int)",180,383985,2640,0.07192327895873381,0,0,256
decode,"gufo::models::qwen38_flash_next::rocm::(anonymous namespace)::RopeKernel(float*, unsigned int, unsigned int, unsigned int, unsigned int const*, float, gufo::models::qwen::vision::DeviceRope const*)",180,301312,2120,0.05643800416582419,0,0,256
decode,"gufo::models::qwen38_flash_next::rocm::(anonymous namespace)::SigmoidMulKernel(float*, float const*, unsigned long)",180,232195,1800,0.0434918701455088,0,0,256
decode,"gufo::models::qwen38_flash_next::rocm::(anonymous namespace)::PleGateKernel(float const*, float const*, float const*, float*, unsigned int, unsigned int)",15,170754,19160,0.031983508666535494,0,128,256
decode,"gufo::models::qwen38_flash_next::rocm::(anonymous namespace)::EmbedKernel(void const*, gufo::models::qwen38_flash_next::rocm::WeightType, int const*, float*, unsigned int, unsigned int)",15,152316,22400,0.02852993256996627,0,0,256
decode,"gufo::models::qwen38_flash_next::rocm::(anonymous namespace)::HistoryShiftKernel(float const*, unsigned int, float const*, float*, unsigned int, unsigned int, unsigned int)",15,124676,13239,0.023352752652991905,0,0,256
decode,"gufo::models::qwen38_flash_next::rocm::(anonymous namespace)::PleConvKernel(float const*, float const*, float const*, float*, unsigned int, unsigned int, unsigned int, unsigned int, unsigned int)",15,112238,10840,0.021023021690353437,0,0,256
decode,"gufo::models::qwen38_flash_next::rocm::(anonymous namespace)::CopyKernel(float const*, float*, unsigned long)",15,78720,8680,0.01474484815717157,0,0,256
decode,"gufo::models::qwen38_flash_next::rocm::(anonymous namespace)::PleInjectKernel(float*, float const*, float const*, unsigned long)",15,42919,4680,0.008039051550529048,0,0,256
