arm,path,event,packed,rep,position,launches,us_per_launch
reference,packed,microbench,True,0,1,8,5723.67715836
reference,packed,microbench,True,1,0,8,5727.51712799
reference,packed,microbench,True,2,1,8,5688.1518364
reference,packed,microbench,True,3,0,8,5680.44710159
reference,packed,microbench,True,4,1,8,5649.07264709
candidate,packed,microbench,True,0,1,8,5886.38067245
candidate,packed,microbench,True,1,0,8,5863.96026611
candidate,packed,microbench,True,2,1,8,5835.68096161
candidate,packed,microbench,True,3,0,8,5808.89129639
candidate,packed,microbench,True,4,1,8,5799.84140396
reference,raw,microbench,False,0,0,8,6162.89186478
reference,raw,microbench,False,1,1,8,6141.77322388
reference,raw,microbench,False,2,0,8,6126.98316574
reference,raw,microbench,False,3,1,8,6135.85805893
reference,raw,microbench,False,4,0,8,6068.39418411
candidate,raw,microbench,False,0,0,8,6209.32149887
candidate,raw,microbench,False,1,1,8,6207.42607117
candidate,raw,microbench,False,2,0,8,6128.14712524
candidate,raw,microbench,False,3,1,8,6081.66265488
candidate,raw,microbench,False,4,0,8,6080.43241501
