event,case,rep,order,candidate,warmup,tokens,output_rows,inner,expert_capacity,tile_rows,iterations,weight_bytes,hip_us_per_iteration,hip_valid,hip_raw_bits,us_per_iteration
down_fixed_contract_timing,uniform-e160-w48,0,0,False,True,2048,2560,640,160,48,3,309657600,0,False,0,2496.781
down_fixed_contract_timing,uniform-e160-w48,0,1,True,True,2048,2560,640,160,48,3,309657600,0,False,0,2464.37166667
down_fixed_contract_timing,uniform-e160-w48,1,0,True,True,2048,2560,640,160,48,3,309657600,0,False,0,2493.75766667
down_fixed_contract_timing,uniform-e160-w48,1,1,False,True,2048,2560,640,160,48,3,309657600,0,False,0,2525.77333333
down_fixed_contract_timing,uniform-e160-w48,2,0,False,False,2048,2560,640,160,48,3,309657600,0,False,0,2525.26333333
down_fixed_contract_timing,uniform-e160-w48,2,1,True,False,2048,2560,640,160,48,3,309657600,0,False,0,2502.41733333
down_fixed_contract_timing,uniform-e160-w48,3,0,True,False,2048,2560,640,160,48,3,309657600,0,False,0,2493.711
down_fixed_contract_timing,uniform-e160-w48,3,1,False,False,2048,2560,640,160,48,3,309657600,0,False,0,2532.67666667
down_fixed_contract_timing,uniform-e160-w48,4,0,False,False,2048,2560,640,160,48,3,309657600,0,False,0,2525.22666667
down_fixed_contract_timing,uniform-e160-w48,4,1,True,False,2048,2560,640,160,48,3,309657600,0,False,0,2502.804
down_fixed_contract_timing,uniform-e160-w48,5,0,True,False,2048,2560,640,160,48,3,309657600,0,False,0,2490.67433333
down_fixed_contract_timing,uniform-e160-w48,5,1,False,False,2048,2560,640,160,48,3,309657600,0,False,0,2536.55333333
down_fixed_contract_timing,uniform-e160-w48,6,0,False,False,2048,2560,640,160,48,3,309657600,0,False,0,2529.953
down_fixed_contract_timing,uniform-e160-w48,6,1,True,False,2048,2560,640,160,48,3,309657600,0,False,0,2503.29733333
down_fixed_contract_timing,control-e512-w64,0,0,False,True,2048,2560,640,512,64,3,990904320,0,False,0,3242.41
down_fixed_contract_timing,control-e512-w64,0,1,True,True,2048,2560,640,512,64,3,990904320,0,False,0,3196.11466667
down_fixed_contract_timing,control-e512-w64,1,0,True,True,2048,2560,640,512,64,3,990904320,0,False,0,3207.23466667
down_fixed_contract_timing,control-e512-w64,1,1,False,True,2048,2560,640,512,64,3,990904320,0,False,0,3223.934
down_fixed_contract_timing,control-e512-w64,2,0,False,False,2048,2560,640,512,64,3,990904320,0,False,0,3226.34733333
down_fixed_contract_timing,control-e512-w64,2,1,True,False,2048,2560,640,512,64,3,990904320,0,False,0,3202.068
down_fixed_contract_timing,control-e512-w64,3,0,True,False,2048,2560,640,512,64,3,990904320,0,False,0,3200.848
down_fixed_contract_timing,control-e512-w64,3,1,False,False,2048,2560,640,512,64,3,990904320,0,False,0,3226.034
down_fixed_contract_timing,control-e512-w64,4,0,False,False,2048,2560,640,512,64,3,990904320,0,False,0,3229.687
down_fixed_contract_timing,control-e512-w64,4,1,True,False,2048,2560,640,512,64,3,990904320,0,False,0,3203.89133333
down_fixed_contract_timing,control-e512-w64,5,0,True,False,2048,2560,640,512,64,3,990904320,0,False,0,3211.27766667
down_fixed_contract_timing,control-e512-w64,5,1,False,False,2048,2560,640,512,64,3,990904320,0,False,0,3224.31066667
down_fixed_contract_timing,control-e512-w64,6,0,False,False,2048,2560,640,512,64,3,990904320,0,False,0,3219.85766667
down_fixed_contract_timing,control-e512-w64,6,1,True,False,2048,2560,640,512,64,3,990904320,0,False,0,3206.06766667
down_fixed_contract_timing,real-layer0,0,0,False,True,2048,2560,640,512,48,3,990904320,0,False,0,3298.57533333
down_fixed_contract_timing,real-layer0,0,1,True,True,2048,2560,640,512,48,3,990904320,0,False,0,3283.43933333
down_fixed_contract_timing,real-layer0,1,0,True,True,2048,2560,640,512,48,3,990904320,0,False,0,3225.664
down_fixed_contract_timing,real-layer0,1,1,False,True,2048,2560,640,512,48,3,990904320,0,False,0,3247.73333333
down_fixed_contract_timing,real-layer0,2,0,False,False,2048,2560,640,512,48,3,990904320,0,False,0,3246.10666667
down_fixed_contract_timing,real-layer0,2,1,True,False,2048,2560,640,512,48,3,990904320,0,False,0,3218.581
down_fixed_contract_timing,real-layer0,3,0,True,False,2048,2560,640,512,48,3,990904320,0,False,0,3221.71066667
down_fixed_contract_timing,real-layer0,3,1,False,False,2048,2560,640,512,48,3,990904320,0,False,0,3263.983
down_fixed_contract_timing,real-layer0,4,0,False,False,2048,2560,640,512,48,3,990904320,0,False,0,3267.706
down_fixed_contract_timing,real-layer0,4,1,True,False,2048,2560,640,512,48,3,990904320,0,False,0,3220.741
down_fixed_contract_timing,real-layer0,5,0,True,False,2048,2560,640,512,48,3,990904320,0,False,0,3225.364
down_fixed_contract_timing,real-layer0,5,1,False,False,2048,2560,640,512,48,3,990904320,0,False,0,3243.82666667
down_fixed_contract_timing,real-layer0,6,0,False,False,2048,2560,640,512,48,3,990904320,0,False,0,3249.06333333
down_fixed_contract_timing,real-layer0,6,1,True,False,2048,2560,640,512,48,3,990904320,0,False,0,3225.224
down_fixed_contract_timing,real-layer3,0,0,False,True,2048,2560,640,512,48,3,990904320,0,False,0,2571.252
down_fixed_contract_timing,real-layer3,0,1,True,True,2048,2560,640,512,48,3,990904320,0,False,0,2569.10866667
down_fixed_contract_timing,real-layer3,1,0,True,True,2048,2560,640,512,48,3,990904320,0,False,0,2608.72433333
down_fixed_contract_timing,real-layer3,1,1,False,True,2048,2560,640,512,48,3,990904320,0,False,0,2645.017
down_fixed_contract_timing,real-layer3,2,0,False,False,2048,2560,640,512,48,3,990904320,0,False,0,2638.31
down_fixed_contract_timing,real-layer3,2,1,True,False,2048,2560,640,512,48,3,990904320,0,False,0,2616.95766667
down_fixed_contract_timing,real-layer3,3,0,True,False,2048,2560,640,512,48,3,990904320,0,False,0,2619.05066667
down_fixed_contract_timing,real-layer3,3,1,False,False,2048,2560,640,512,48,3,990904320,0,False,0,2658.28633333
down_fixed_contract_timing,real-layer3,4,0,False,False,2048,2560,640,512,48,3,990904320,0,False,0,2701.415
down_fixed_contract_timing,real-layer3,4,1,True,False,2048,2560,640,512,48,3,990904320,0,False,0,2653.03
down_fixed_contract_timing,real-layer3,5,0,True,False,2048,2560,640,512,48,3,990904320,0,False,0,2629.037
down_fixed_contract_timing,real-layer3,5,1,False,False,2048,2560,640,512,48,3,990904320,0,False,0,2708.57166667
down_fixed_contract_timing,real-layer3,6,0,False,False,2048,2560,640,512,48,3,990904320,0,False,0,2673.74266667
down_fixed_contract_timing,real-layer3,6,1,True,False,2048,2560,640,512,48,3,990904320,0,False,0,2620.864
down_fixed_contract_timing,real-layer22,0,0,False,True,2048,2560,640,512,48,3,990904320,0,False,0,3571.63766667
down_fixed_contract_timing,real-layer22,0,1,True,True,2048,2560,640,512,48,3,990904320,0,False,0,3476.30366667
down_fixed_contract_timing,real-layer22,1,0,True,True,2048,2560,640,512,48,3,990904320,0,False,0,3403.699
down_fixed_contract_timing,real-layer22,1,1,False,True,2048,2560,640,512,48,3,990904320,0,False,0,3433.41833333
down_fixed_contract_timing,real-layer22,2,0,False,False,2048,2560,640,512,48,3,990904320,0,False,0,3451.711
down_fixed_contract_timing,real-layer22,2,1,True,False,2048,2560,640,512,48,3,990904320,0,False,0,3413.63533333
down_fixed_contract_timing,real-layer22,3,0,True,False,2048,2560,640,512,48,3,990904320,0,False,0,3417.12533333
down_fixed_contract_timing,real-layer22,3,1,False,False,2048,2560,640,512,48,3,990904320,0,False,0,3450.30766667
down_fixed_contract_timing,real-layer22,4,0,False,False,2048,2560,640,512,48,3,990904320,0,False,0,3456.931
down_fixed_contract_timing,real-layer22,4,1,True,False,2048,2560,640,512,48,3,990904320,0,False,0,3426.875
down_fixed_contract_timing,real-layer22,5,0,True,False,2048,2560,640,512,48,3,990904320,0,False,0,3422.01533333
down_fixed_contract_timing,real-layer22,5,1,False,False,2048,2560,640,512,48,3,990904320,0,False,0,3446.69466667
down_fixed_contract_timing,real-layer22,6,0,False,False,2048,2560,640,512,48,3,990904320,0,False,0,3451.368
down_fixed_contract_timing,real-layer22,6,1,True,False,2048,2560,640,512,48,3,990904320,0,False,0,3432.928
