event,case,rep,order,candidate,warmup,tokens,output_rows,inner,expert_capacity,tile_rows,iterations,weight_bytes,us_per_iteration
down_register_palette_timing,uniform-e160-w48,0,0,False,True,2048,2560,640,160,48,3,309657600,0
down_register_palette_timing,uniform-e160-w48,0,1,True,True,2048,2560,640,160,48,3,309657600,0
down_register_palette_timing,uniform-e160-w48,1,0,True,True,2048,2560,640,160,48,3,309657600,0
down_register_palette_timing,uniform-e160-w48,1,1,False,True,2048,2560,640,160,48,3,309657600,0
down_register_palette_timing,uniform-e160-w48,2,0,False,False,2048,2560,640,160,48,3,309657600,0
down_register_palette_timing,uniform-e160-w48,2,1,True,False,2048,2560,640,160,48,3,309657600,0
down_register_palette_timing,uniform-e160-w48,3,0,True,False,2048,2560,640,160,48,3,309657600,0
down_register_palette_timing,uniform-e160-w48,3,1,False,False,2048,2560,640,160,48,3,309657600,0
down_register_palette_timing,uniform-e160-w48,4,0,False,False,2048,2560,640,160,48,3,309657600,0
down_register_palette_timing,uniform-e160-w48,4,1,True,False,2048,2560,640,160,48,3,309657600,0
down_register_palette_timing,uniform-e160-w48,5,0,True,False,2048,2560,640,160,48,3,309657600,0
down_register_palette_timing,uniform-e160-w48,5,1,False,False,2048,2560,640,160,48,3,309657600,0
down_register_palette_timing,uniform-e160-w48,6,0,False,False,2048,2560,640,160,48,3,309657600,0
down_register_palette_timing,uniform-e160-w48,6,1,True,False,2048,2560,640,160,48,3,309657600,0
down_register_palette_timing,control-e512-w64,0,0,False,True,2048,2560,640,512,64,3,990904320,0
down_register_palette_timing,control-e512-w64,0,1,True,True,2048,2560,640,512,64,3,990904320,0
down_register_palette_timing,control-e512-w64,1,0,True,True,2048,2560,640,512,64,3,990904320,0
down_register_palette_timing,control-e512-w64,1,1,False,True,2048,2560,640,512,64,3,990904320,0
down_register_palette_timing,control-e512-w64,2,0,False,False,2048,2560,640,512,64,3,990904320,0
down_register_palette_timing,control-e512-w64,2,1,True,False,2048,2560,640,512,64,3,990904320,0
down_register_palette_timing,control-e512-w64,3,0,True,False,2048,2560,640,512,64,3,990904320,0
down_register_palette_timing,control-e512-w64,3,1,False,False,2048,2560,640,512,64,3,990904320,0
down_register_palette_timing,control-e512-w64,4,0,False,False,2048,2560,640,512,64,3,990904320,0
down_register_palette_timing,control-e512-w64,4,1,True,False,2048,2560,640,512,64,3,990904320,0
down_register_palette_timing,control-e512-w64,5,0,True,False,2048,2560,640,512,64,3,990904320,0
down_register_palette_timing,control-e512-w64,5,1,False,False,2048,2560,640,512,64,3,990904320,0
down_register_palette_timing,control-e512-w64,6,0,False,False,2048,2560,640,512,64,3,990904320,0
down_register_palette_timing,control-e512-w64,6,1,True,False,2048,2560,640,512,64,3,990904320,0
down_register_palette_timing,real-layer0,0,0,False,True,2048,2560,640,512,48,3,990904320,0
down_register_palette_timing,real-layer0,0,1,True,True,2048,2560,640,512,48,3,990904320,0
down_register_palette_timing,real-layer0,1,0,True,True,2048,2560,640,512,48,3,990904320,0
down_register_palette_timing,real-layer0,1,1,False,True,2048,2560,640,512,48,3,990904320,0
down_register_palette_timing,real-layer0,2,0,False,False,2048,2560,640,512,48,3,990904320,0
down_register_palette_timing,real-layer0,2,1,True,False,2048,2560,640,512,48,3,990904320,0
down_register_palette_timing,real-layer0,3,0,True,False,2048,2560,640,512,48,3,990904320,0
down_register_palette_timing,real-layer0,3,1,False,False,2048,2560,640,512,48,3,990904320,0
down_register_palette_timing,real-layer0,4,0,False,False,2048,2560,640,512,48,3,990904320,0
down_register_palette_timing,real-layer0,4,1,True,False,2048,2560,640,512,48,3,990904320,0
down_register_palette_timing,real-layer0,5,0,True,False,2048,2560,640,512,48,3,990904320,0
down_register_palette_timing,real-layer0,5,1,False,False,2048,2560,640,512,48,3,990904320,0
down_register_palette_timing,real-layer0,6,0,False,False,2048,2560,640,512,48,3,990904320,0
down_register_palette_timing,real-layer0,6,1,True,False,2048,2560,640,512,48,3,990904320,0
down_register_palette_timing,real-layer3,0,0,False,True,2048,2560,640,512,48,3,990904320,0
down_register_palette_timing,real-layer3,0,1,True,True,2048,2560,640,512,48,3,990904320,0
down_register_palette_timing,real-layer3,1,0,True,True,2048,2560,640,512,48,3,990904320,0
down_register_palette_timing,real-layer3,1,1,False,True,2048,2560,640,512,48,3,990904320,0
down_register_palette_timing,real-layer3,2,0,False,False,2048,2560,640,512,48,3,990904320,0
down_register_palette_timing,real-layer3,2,1,True,False,2048,2560,640,512,48,3,990904320,0
down_register_palette_timing,real-layer3,3,0,True,False,2048,2560,640,512,48,3,990904320,0
down_register_palette_timing,real-layer3,3,1,False,False,2048,2560,640,512,48,3,990904320,0
down_register_palette_timing,real-layer3,4,0,False,False,2048,2560,640,512,48,3,990904320,0
down_register_palette_timing,real-layer3,4,1,True,False,2048,2560,640,512,48,3,990904320,0
down_register_palette_timing,real-layer3,5,0,True,False,2048,2560,640,512,48,3,990904320,0
down_register_palette_timing,real-layer3,5,1,False,False,2048,2560,640,512,48,3,990904320,0
down_register_palette_timing,real-layer3,6,0,False,False,2048,2560,640,512,48,3,990904320,0
down_register_palette_timing,real-layer3,6,1,True,False,2048,2560,640,512,48,3,990904320,0
down_register_palette_timing,real-layer22,0,0,False,True,2048,2560,640,512,48,3,990904320,0
down_register_palette_timing,real-layer22,0,1,True,True,2048,2560,640,512,48,3,990904320,0
down_register_palette_timing,real-layer22,1,0,True,True,2048,2560,640,512,48,3,990904320,0
down_register_palette_timing,real-layer22,1,1,False,True,2048,2560,640,512,48,3,990904320,0
down_register_palette_timing,real-layer22,2,0,False,False,2048,2560,640,512,48,3,990904320,0
down_register_palette_timing,real-layer22,2,1,True,False,2048,2560,640,512,48,3,990904320,0
down_register_palette_timing,real-layer22,3,0,True,False,2048,2560,640,512,48,3,990904320,0
down_register_palette_timing,real-layer22,3,1,False,False,2048,2560,640,512,48,3,990904320,0
down_register_palette_timing,real-layer22,4,0,False,False,2048,2560,640,512,48,3,990904320,0
down_register_palette_timing,real-layer22,4,1,True,False,2048,2560,640,512,48,3,990904320,0
down_register_palette_timing,real-layer22,5,0,True,False,2048,2560,640,512,48,3,990904320,0
down_register_palette_timing,real-layer22,5,1,False,False,2048,2560,640,512,48,3,990904320,0
down_register_palette_timing,real-layer22,6,0,False,False,2048,2560,640,512,48,3,990904320,0
down_register_palette_timing,real-layer22,6,1,True,False,2048,2560,640,512,48,3,990904320,0
