phase,stage,calls,total_ns,kernel_time_percent
prefill,dense_q8_f16_activations,134,293724981,21.18330675324887
prefill,routed_gate_up_iq2,96,254797400,18.375868016926535
prefill,hc_norm_combine_inject,193,211529924,15.255438105155314
prefill,routed_down_q2,48,188348921,13.58363512903398
prefill,gdn_ssm,180,117169316,8.450195670950952
prefill,hc_up_mix_f16,181,103960966,7.497615714007234
prefill,hc_down_f16,97,86810086,6.260702357535995
prefill,dense_q8_quantized_activations,121,45881345,3.3089409081845895
prefill,attention_state,12,43577319,3.142775642433969
prefill,activation_packing,172,25157545,1.8143502506300693
prefill,other,675,15629213,1.1271714518924933
decode,dense_q8_quantized_activations,3285,261780758,48.97251396709246
decode,hc_down_f16,1455,44637642,8.350566187538785
decode,hc_up_mix_f16,1455,43738769,8.18240993769271
decode,other,4934,40091648,7.500126467063536
decode,routed_gate_up_iq2,720,37376137,6.992123505381787
decode,routed_down_q2,720,35655304,6.670199469515356
decode,hc_norm_combine_inject,2895,28883656,5.403396558583935
decode,gdn_ssm,2160,18596737,3.478975954660675
decode,attention_state,1260,17097276,3.1984649830880034
decode,activation_packing,4710,6688366,1.2512229693827472
