case,rep,order,candidate,warmup,iterations,residual_payload_bytes,wall_us_per_cycle,hip_ms_raw,hip_ms_raw_bits,hip_timer_valid
n2048-moe0-p0-used10-parts3-offset0-gamma1-half1,0,0,False,True,6,83886080,1690.33233333,0,0,False
n2048-moe0-p0-used10-parts3-offset0-gamma1-half1,0,1,True,True,6,83886080,1665.09966667,0,0,False
n2048-moe0-p0-used10-parts3-offset0-gamma1-half1,1,0,True,True,6,83886080,1660.69633333,0,0,False
n2048-moe0-p0-used10-parts3-offset0-gamma1-half1,1,1,False,True,6,83886080,1688.939,0,0,False
n2048-moe0-p0-used10-parts3-offset0-gamma1-half1,2,0,False,False,6,83886080,1691.11566667,0,0,False
n2048-moe0-p0-used10-parts3-offset0-gamma1-half1,2,1,True,False,6,83886080,1676.741,0,0,False
n2048-moe0-p0-used10-parts3-offset0-gamma1-half1,3,0,True,False,6,83886080,1655.775,0,0,False
n2048-moe0-p0-used10-parts3-offset0-gamma1-half1,3,1,False,False,6,83886080,1687.62733333,0,0,False
n2048-moe0-p0-used10-parts3-offset0-gamma1-half1,4,0,False,False,6,83886080,1689.00066667,0,0,False
n2048-moe0-p0-used10-parts3-offset0-gamma1-half1,4,1,True,False,6,83886080,1667.75133333,0,0,False
n2048-moe0-p0-used10-parts3-offset0-gamma1-half1,5,0,True,False,6,83886080,1661.46483333,0,0,False
n2048-moe0-p0-used10-parts3-offset0-gamma1-half1,5,1,False,False,6,83886080,1689.89066667,0,0,False
n2048-moe0-p0-used10-parts3-offset0-gamma1-half1,6,0,False,False,6,83886080,1691.50216667,0,0,False
n2048-moe0-p0-used10-parts3-offset0-gamma1-half1,6,1,True,False,6,83886080,1661.133,0,0,False
n2048-moe1-p0-used10-parts3-offset0-gamma1-half1,0,0,False,True,6,83886080,1641.28016667,0,0,False
n2048-moe1-p0-used10-parts3-offset0-gamma1-half1,0,1,True,True,6,83886080,1646.4185,0,0,False
n2048-moe1-p0-used10-parts3-offset0-gamma1-half1,1,0,True,True,6,83886080,1647.6685,0,0,False
n2048-moe1-p0-used10-parts3-offset0-gamma1-half1,1,1,False,True,6,83886080,1638.53866667,0,0,False
n2048-moe1-p0-used10-parts3-offset0-gamma1-half1,2,0,False,False,6,83886080,1640.14366667,0,0,False
n2048-moe1-p0-used10-parts3-offset0-gamma1-half1,2,1,True,False,6,83886080,1646.10183333,0,0,False
n2048-moe1-p0-used10-parts3-offset0-gamma1-half1,3,0,True,False,6,83886080,1649.375,0,0,False
n2048-moe1-p0-used10-parts3-offset0-gamma1-half1,3,1,False,False,6,83886080,1655.2265,0,0,False
n2048-moe1-p0-used10-parts3-offset0-gamma1-half1,4,0,False,False,6,83886080,1644.00516667,0,0,False
n2048-moe1-p0-used10-parts3-offset0-gamma1-half1,4,1,True,False,6,83886080,1651.08666667,0,0,False
n2048-moe1-p0-used10-parts3-offset0-gamma1-half1,5,0,True,False,6,83886080,1654.23816667,0,0,False
n2048-moe1-p0-used10-parts3-offset0-gamma1-half1,5,1,False,False,6,83886080,1646.7935,0,0,False
n2048-moe1-p0-used10-parts3-offset0-gamma1-half1,6,0,False,False,6,83886080,1652.245,0,0,False
n2048-moe1-p0-used10-parts3-offset0-gamma1-half1,6,1,True,False,6,83886080,1657.44983333,0,0,False
