moe,deferred,rep,allocation,tokens,iterations,weight_bytes,microseconds_per_iteration
False,False,0,0,2048,16,209715200,6828.90415192
False,True,0,1,2048,16,209715200,7624.63188171
False,True,1,0,2048,16,209715200,7632.02381134
False,False,1,1,2048,16,209715200,7002.04610825
False,False,2,0,2048,16,209715200,6844.02227402
False,True,2,1,2048,16,209715200,7748.47650528
False,True,3,0,2048,16,209715200,7694.31066513
False,False,3,1,2048,16,209715200,6963.75465393
False,False,4,0,2048,16,209715200,6988.55209351
False,True,4,1,2048,16,209715200,7680.49287796
True,False,0,0,2048,16,209715200,7659.40618515
True,True,0,1,2048,16,209715200,7573.42815399
True,True,1,0,2048,16,209715200,7457.6382637
True,False,1,1,2048,16,209715200,7444.50330734
True,False,2,0,2048,16,209715200,7525.65431595
True,True,2,1,2048,16,209715200,7503.30257416
True,True,3,0,2048,16,209715200,7440.29903412
True,False,3,1,2048,16,209715200,7671.59605026
True,False,4,0,2048,16,209715200,7648.19145203
True,True,4,1,2048,16,209715200,7576.64299011
