label,geometry,moe,paired,rep,allocation,tokens,iterations,weight_bytes,microseconds_per_iteration
q2-hc-sequence-micro-r1,64x128,False,False,0,0,2048,16,104857600,5760.23197174
q2-hc-sequence-micro-r1,64x128,False,True,0,1,2048,16,104857600,7171.251297
q2-hc-sequence-micro-r1,64x128,False,True,1,0,2048,16,104857600,6940.43493271
q2-hc-sequence-micro-r1,64x128,False,False,1,1,2048,16,104857600,5782.52601624
q2-hc-sequence-micro-r1,64x128,False,False,2,0,2048,16,104857600,5598.62613678
q2-hc-sequence-micro-r1,64x128,False,True,2,1,2048,16,104857600,7209.79547501
q2-hc-sequence-micro-r1,64x128,False,True,3,0,2048,16,104857600,7095.86381912
q2-hc-sequence-micro-r1,64x128,False,False,3,1,2048,16,104857600,5658.32138062
q2-hc-sequence-micro-r1,64x128,False,False,4,0,2048,16,104857600,5660.65216064
q2-hc-sequence-micro-r1,64x128,False,True,4,1,2048,16,104857600,7214.68067169
q2-hc-sequence-micro-r1,64x128,True,False,0,0,2048,16,104857600,6540.87114334
q2-hc-sequence-micro-r1,64x128,True,True,0,1,2048,16,104857600,7181.12897873
q2-hc-sequence-micro-r1,64x128,True,True,1,0,2048,16,104857600,7061.84720993
q2-hc-sequence-micro-r1,64x128,True,False,1,1,2048,16,104857600,6569.3154335
q2-hc-sequence-micro-r1,64x128,True,False,2,0,2048,16,104857600,6610.51940918
q2-hc-sequence-micro-r1,64x128,True,True,2,1,2048,16,104857600,7189.33391571
q2-hc-sequence-micro-r1,64x128,True,True,3,0,2048,16,104857600,7047.24979401
q2-hc-sequence-micro-r1,64x128,True,False,3,1,2048,16,104857600,6658.66613388
q2-hc-sequence-micro-r1,64x128,True,False,4,0,2048,16,104857600,6457.86619186
q2-hc-sequence-micro-r1,64x128,True,True,4,1,2048,16,104857600,7297.93405533
q2-hc-sequence-half-row-micro-r1,160x64,False,False,0,0,2048,16,104857600,5680.43136597
q2-hc-sequence-half-row-micro-r1,160x64,False,True,0,1,2048,16,104857600,7220.93868256
q2-hc-sequence-half-row-micro-r1,160x64,False,True,1,0,2048,16,104857600,7237.45822906
q2-hc-sequence-half-row-micro-r1,160x64,False,False,1,1,2048,16,104857600,5730.15069962
q2-hc-sequence-half-row-micro-r1,160x64,False,False,2,0,2048,16,104857600,5664.24226761
q2-hc-sequence-half-row-micro-r1,160x64,False,True,2,1,2048,16,104857600,7244.45819855
q2-hc-sequence-half-row-micro-r1,160x64,False,True,3,0,2048,16,104857600,7263.07296753
q2-hc-sequence-half-row-micro-r1,160x64,False,False,3,1,2048,16,104857600,5726.10044479
q2-hc-sequence-half-row-micro-r1,160x64,False,False,4,0,2048,16,104857600,5707.38172531
q2-hc-sequence-half-row-micro-r1,160x64,False,True,4,1,2048,16,104857600,7240.5629158
q2-hc-sequence-half-row-micro-r1,160x64,True,False,0,0,2048,16,104857600,6453.88364792
q2-hc-sequence-half-row-micro-r1,160x64,True,True,0,1,2048,16,104857600,7338.42849731
q2-hc-sequence-half-row-micro-r1,160x64,True,True,1,0,2048,16,104857600,7375.5106926
q2-hc-sequence-half-row-micro-r1,160x64,True,False,1,1,2048,16,104857600,6501.29508972
q2-hc-sequence-half-row-micro-r1,160x64,True,False,2,0,2048,16,104857600,6495.11623383
q2-hc-sequence-half-row-micro-r1,160x64,True,True,2,1,2048,16,104857600,7364.3579483
q2-hc-sequence-half-row-micro-r1,160x64,True,True,3,0,2048,16,104857600,7353.11031342
q2-hc-sequence-half-row-micro-r1,160x64,True,False,3,1,2048,16,104857600,6489.03036118
q2-hc-sequence-half-row-micro-r1,160x64,True,False,4,0,2048,16,104857600,6501.81531906
q2-hc-sequence-half-row-micro-r1,160x64,True,True,4,1,2048,16,104857600,7365.8323288
