candidate,label,consumer,relative_rms,error_over_peak,samples,pass_original_limits
single,hc-bk256-n96-p0-moe0,native,1.62254960716e-05,1.84913399917e-05,315,True
single,hc-bk256-n96-p0-moe0-reverse,library,3.28770120832e-05,3.41257353161e-05,315,False
single,hc-bk256-n97-p1-moe0,native,1.57622036767e-05,2.16019029529e-05,315,False
single,hc-bk256-n97-p1-moe0-reverse,library,3.1358794459e-05,3.98474691488e-05,315,False
single,hc-bk256-n129-p2-moe0,native,1.66711306613e-05,1.76007039776e-05,350,True
single,hc-bk256-n129-p2-moe0-reverse,library,3.31213961546e-05,3.80091743842e-05,350,False
single,hc-bk256-n2048-p0-moe0,native,1.60695304419e-05,1.5040933805e-05,5040,True
single,hc-bk256-n2048-p0-moe0-reverse,library,3.15500500377e-05,3.37311412741e-05,5040,False
single,hc-bk256-n2048-p1-moe0,native,1.5647923567e-05,1.57504261791e-05,5040,True
single,hc-bk256-n2048-p1-moe0-reverse,library,3.14262584563e-05,3.5733491998e-05,5040,False
single,hc-bk256-n96-p0-moe1,native,1.62918481796e-05,1.71892351334e-05,315,True
single,hc-bk256-n96-p0-moe1-reverse,library,3.28185953588e-05,3.4218268528e-05,315,False
single,hc-bk256-n97-p1-moe1,native,1.55443863985e-05,1.79640389746e-05,315,True
single,hc-bk256-n97-p1-moe1-reverse,library,3.10301004337e-05,3.54754964797e-05,315,False
single,hc-bk256-n129-p2-moe1,native,1.67222116382e-05,1.71235030009e-05,350,True
single,hc-bk256-n129-p2-moe1-reverse,library,3.33424621533e-05,4.16361295148e-05,350,False
single,hc-bk256-n2048-p0-moe1,native,1.5927810761e-05,1.32242930901e-05,5040,True
single,hc-bk256-n2048-p0-moe1-reverse,library,3.18257464326e-05,2.71632485331e-05,5040,False
single,hc-bk256-n2048-p1-moe1,native,1.57538413825e-05,1.66050784661e-05,5040,True
single,hc-bk256-n2048-p1-moe1-reverse,library,3.14295114271e-05,3.26353687783e-05,5040,False
single,hc-bk256-bench-moe0,native,1.58924190263e-05,1.71631174764e-05,5040,True
single,hc-bk256-bench-moe1,native,1.5894570849e-05,1.4614361445e-05,5040,True
double,hc-bk256-n96-p0-moe0,native,1.62254960716e-05,1.84913399917e-05,315,True
double,hc-bk256-n96-p0-moe0-reverse,library,3.28770120832e-05,3.41257353161e-05,315,False
double,hc-bk256-n97-p1-moe0,native,1.57622036767e-05,2.16019029529e-05,315,False
double,hc-bk256-n97-p1-moe0-reverse,library,3.1358794459e-05,3.98474691488e-05,315,False
double,hc-bk256-n129-p2-moe0,native,1.66711306613e-05,1.76007039776e-05,350,True
double,hc-bk256-n129-p2-moe0-reverse,library,3.31213961546e-05,3.80091743842e-05,350,False
double,hc-bk256-n2048-p0-moe0,native,1.60695304419e-05,1.5040933805e-05,5040,True
double,hc-bk256-n2048-p0-moe0-reverse,library,3.15500500377e-05,3.37311412741e-05,5040,False
double,hc-bk256-n2048-p1-moe0,native,1.5647923567e-05,1.57504261791e-05,5040,True
double,hc-bk256-n2048-p1-moe0-reverse,library,3.14262584563e-05,3.5733491998e-05,5040,False
double,hc-bk256-n96-p0-moe1,native,1.62918481796e-05,1.71892351334e-05,315,True
double,hc-bk256-n96-p0-moe1-reverse,library,3.28185953588e-05,3.4218268528e-05,315,False
double,hc-bk256-n97-p1-moe1,native,1.55443863985e-05,1.79640389746e-05,315,True
double,hc-bk256-n97-p1-moe1-reverse,library,3.10301004337e-05,3.54754964797e-05,315,False
double,hc-bk256-n129-p2-moe1,native,1.67222116382e-05,1.71235030009e-05,350,True
double,hc-bk256-n129-p2-moe1-reverse,library,3.33424621533e-05,4.16361295148e-05,350,False
double,hc-bk256-n2048-p0-moe1,native,1.5927810761e-05,1.32242930901e-05,5040,True
double,hc-bk256-n2048-p0-moe1-reverse,library,3.18257464326e-05,2.71632485331e-05,5040,False
double,hc-bk256-n2048-p1-moe1,native,1.57538413825e-05,1.66050784661e-05,5040,True
double,hc-bk256-n2048-p1-moe1-reverse,library,3.14295114271e-05,3.26353687783e-05,5040,False
double,hc-bk256-bench-moe0,native,1.58924190263e-05,1.71631174764e-05,5040,True
double,hc-bk256-bench-moe1,native,1.5894570849e-05,1.4614361445e-05,5040,True
