arm,path,component,repetition,microseconds
reference,evidence/q2-hc-up-chains-micro-ref-r1,fused,1,1163.202047348
reference,evidence/q2-hc-up-chains-micro-ref-r1,fused,2,1157.488942146
reference,evidence/q2-hc-up-chains-micro-ref-r1,fused,3,1164.028763771
reference,evidence/q2-hc-up-chains-micro-ref-r1,fused,4,1163.686275482
reference,evidence/q2-hc-up-chains-micro-ref-r1,fused,5,1172.753453255
candidate,evidence/q2-hc-up-chains-micro-r1,fused,1,841.1074876785
candidate,evidence/q2-hc-up-chains-micro-r1,fused,2,842.1875834465
candidate,evidence/q2-hc-up-chains-micro-r1,fused,3,844.9197411537
candidate,evidence/q2-hc-up-chains-micro-r1,fused,4,841.5498733521
candidate,evidence/q2-hc-up-chains-micro-r1,fused,5,851.0797023773
reference,evidence/q2-hc-up-chains-micro-ref-r1,separate_control,1,2002.559661865
reference,evidence/q2-hc-up-chains-micro-ref-r1,separate_control,2,2013.698577881
reference,evidence/q2-hc-up-chains-micro-ref-r1,separate_control,3,2002.216339111
reference,evidence/q2-hc-up-chains-micro-ref-r1,separate_control,4,2006.281137466
reference,evidence/q2-hc-up-chains-micro-ref-r1,separate_control,5,2003.666162491
candidate,evidence/q2-hc-up-chains-micro-r1,separate_control,1,2015.268564224
candidate,evidence/q2-hc-up-chains-micro-r1,separate_control,2,2016.233682632
candidate,evidence/q2-hc-up-chains-micro-r1,separate_control,3,2009.768486023
candidate,evidence/q2-hc-up-chains-micro-r1,separate_control,4,2013.558387756
candidate,evidence/q2-hc-up-chains-micro-r1,separate_control,5,2029.153108597
