m,k,n,arm,algorithm,workspace_bytes,fp64_ok,position_ok,repetition,us_per_launch
320,10240,2048,0,-1,0,True,True,1,1185.057282448
320,10240,2048,0,-1,0,True,True,2,1241.91570282
320,10240,2048,0,-1,0,True,True,3,1197.384238243
320,10240,2048,0,-1,0,True,True,4,1202.119112015
320,10240,2048,0,-1,0,True,True,5,1164.992451668
320,10240,2048,1,7536,0,False,False,1,2417.318582535
320,10240,2048,1,7536,0,False,False,2,2418.895244598
320,10240,2048,1,7536,0,False,False,3,2417.415142059
320,10240,2048,1,7536,0,False,False,4,2418.140172958
320,10240,2048,1,7536,0,False,False,5,2421.582698822
320,10240,2048,2,7539,0,False,False,1,3278.166055679
320,10240,2048,2,7539,0,False,False,2,3240.951776505
320,10240,2048,2,7539,0,False,False,3,3297.975301743
320,10240,2048,2,7539,0,False,False,4,3259.368658066
320,10240,2048,2,7539,0,False,False,5,3236.751794815
320,10240,2048,3,7538,0,False,False,1,3294.540405273
320,10240,2048,3,7538,0,False,False,2,3248.536586761
320,10240,2048,3,7538,0,False,False,3,3281.250715256
320,10240,2048,3,7538,0,False,False,4,3230.729579926
320,10240,2048,3,7538,0,False,False,5,3196.680545807
320,10240,2048,4,7537,0,False,False,1,3992.074966431
320,10240,2048,4,7537,0,False,False,2,3987.027406693
320,10240,2048,4,7537,0,False,False,3,3966.235399246
320,10240,2048,4,7537,0,False,False,4,3971.903085709
320,10240,2048,4,7537,0,False,False,5,3986.974954605
320,10240,2048,5,7526,0,False,False,1,982.6121926308
320,10240,2048,5,7526,0,False,False,2,977.3123860359
320,10240,2048,5,7526,0,False,False,3,979.269862175
320,10240,2048,5,7526,0,False,False,4,996.2069392204
320,10240,2048,5,7526,0,False,False,5,990.2145862579
320,10240,2048,6,7527,0,False,False,1,1041.313290596
320,10240,2048,6,7527,0,False,False,2,1026.113629341
320,10240,2048,6,7527,0,False,False,3,1057.310223579
320,10240,2048,6,7527,0,False,False,4,1065.900087357
320,10240,2048,6,7527,0,False,False,5,1010.559082031
320,10240,2048,7,7525,0,False,False,1,1071.944952011
320,10240,2048,7,7525,0,False,False,2,1067.072510719
320,10240,2048,7,7525,0,False,False,3,1080.560445786
320,10240,2048,7,7525,0,False,False,4,1069.393277168
320,10240,2048,7,7525,0,False,False,5,1073.498249054
320,10240,2048,8,-1,0,True,True,1,1275.542259216
320,10240,2048,8,-1,0,True,True,2,1141.580700874
320,10240,2048,8,-1,0,True,True,3,1156.652808189
320,10240,2048,8,-1,0,True,True,4,1151.46291256
320,10240,2048,8,-1,0,True,True,5,1141.12830162
10240,320,2048,0,-1,0,True,True,1,920.5389618874
10240,320,2048,0,-1,0,True,True,2,919.558942318
10240,320,2048,0,-1,0,True,True,3,928.5162091255
10240,320,2048,0,-1,0,True,True,4,921.1913943291
10240,320,2048,0,-1,0,True,True,5,912.9040837288
10240,320,2048,1,7536,0,True,False,1,2450.954437256
10240,320,2048,1,7536,0,True,False,2,2463.069200516
10240,320,2048,1,7536,0,True,False,3,2454.405069351
10240,320,2048,1,7536,0,True,False,4,2454.946994781
10240,320,2048,1,7536,0,True,False,5,2449.577093124
10240,320,2048,2,7539,0,True,False,1,3192.408323288
10240,320,2048,2,7539,0,True,False,2,3196.482896805
10240,320,2048,2,7539,0,True,False,3,3191.277980804
10240,320,2048,2,7539,0,True,False,4,3194.617986679
10240,320,2048,2,7539,0,True,False,5,3188.675403595
10240,320,2048,3,7538,0,True,False,1,3129.046916962
10240,320,2048,3,7538,0,True,False,2,3131.217002869
10240,320,2048,3,7538,0,True,False,3,3128.524541855
10240,320,2048,3,7538,0,True,False,4,3127.047300339
10240,320,2048,3,7538,0,True,False,5,3133.586883545
10240,320,2048,4,7537,0,True,False,1,3899.632453918
10240,320,2048,4,7537,0,True,False,2,3897.992610931
10240,320,2048,4,7537,0,True,False,3,3900.387525558
10240,320,2048,4,7537,0,True,False,4,3898.245096207
10240,320,2048,4,7537,0,True,False,5,3899.957180023
10240,320,2048,5,7527,0,True,False,1,838.8134837151
10240,320,2048,5,7527,0,True,False,2,844.3509936333
10240,320,2048,5,7527,0,True,False,3,841.4635658264
10240,320,2048,5,7527,0,True,False,4,837.4336361885
10240,320,2048,5,7527,0,True,False,5,840.7334089279
10240,320,2048,6,7526,0,True,False,1,923.0532050133
10240,320,2048,6,7526,0,True,False,2,912.8640890121
10240,320,2048,6,7526,0,True,False,3,911.9890332222
10240,320,2048,6,7526,0,True,False,4,913.2239818573
10240,320,2048,6,7526,0,True,False,5,912.6265645027
10240,320,2048,7,7525,0,True,False,1,1117.488741875
10240,320,2048,7,7525,0,True,False,2,1118.521213531
10240,320,2048,7,7525,0,True,False,3,1119.893789291
10240,320,2048,7,7525,0,True,False,4,1121.506214142
10240,320,2048,7,7525,0,True,False,5,1136.498212814
10240,320,2048,8,-1,0,True,True,1,946.848154068
10240,320,2048,8,-1,0,True,True,2,943.8058137894
10240,320,2048,8,-1,0,True,True,3,945.6082582474
10240,320,2048,8,-1,0,True,True,4,944.3207383156
10240,320,2048,8,-1,0,True,True,5,945.5832242966
