event,case,rep,order,candidate,warmup,tokens,output_rows,inner,active_experts,width,wide_tiles,narrow_tiles,iterations,weight_bytes,us_per_iteration
iq2_fused_grid_timing,mixed-e64,0,0,False,True,2048,640,2560,64,0,128,64,3,162201600,3391.7910258
iq2_fused_grid_timing,mixed-e64,0,1,True,True,2048,640,2560,64,0,128,64,3,162201600,4173.88788859
iq2_fused_grid_timing,mixed-e64,1,0,True,True,2048,640,2560,64,0,128,64,3,162201600,4088.86559804
iq2_fused_grid_timing,mixed-e64,1,1,False,True,2048,640,2560,64,0,128,64,3,162201600,3622.1001943
iq2_fused_grid_timing,mixed-e64,2,0,False,False,2048,640,2560,64,0,128,64,3,162201600,3652.20578512
iq2_fused_grid_timing,mixed-e64,2,1,True,False,2048,640,2560,64,0,128,64,3,162201600,4137.75634766
iq2_fused_grid_timing,mixed-e64,3,0,True,False,2048,640,2560,64,0,128,64,3,162201600,4101.74465179
iq2_fused_grid_timing,mixed-e64,3,1,False,False,2048,640,2560,64,0,128,64,3,162201600,3622.26041158
iq2_fused_grid_timing,mixed-e64,4,0,False,False,2048,640,2560,64,0,128,64,3,162201600,3661.71169281
iq2_fused_grid_timing,mixed-e64,4,1,True,False,2048,640,2560,64,0,128,64,3,162201600,4127.26370494
iq2_fused_grid_timing,mixed-e64,5,0,True,False,2048,640,2560,64,0,128,64,3,162201600,4094.45158641
iq2_fused_grid_timing,mixed-e64,5,1,False,False,2048,640,2560,64,0,128,64,3,162201600,3649.08536275
iq2_fused_grid_timing,mixed-e64,6,0,False,False,2048,640,2560,64,0,128,64,3,162201600,3666.92511241
iq2_fused_grid_timing,mixed-e64,6,1,True,False,2048,640,2560,64,0,128,64,3,162201600,4122.33066559
iq2_fused_grid_timing,mixed-e128,0,0,False,True,2048,640,2560,128,0,128,128,3,324403200,3851.44996643
iq2_fused_grid_timing,mixed-e128,0,1,True,True,2048,640,2560,128,0,128,128,3,324403200,5071.90036774
iq2_fused_grid_timing,mixed-e128,1,0,True,True,2048,640,2560,128,0,128,128,3,324403200,5029.35568492
iq2_fused_grid_timing,mixed-e128,1,1,False,True,2048,640,2560,128,0,128,128,3,324403200,4023.61520131
iq2_fused_grid_timing,mixed-e128,2,0,False,False,2048,640,2560,128,0,128,128,3,324403200,4080.97267151
iq2_fused_grid_timing,mixed-e128,2,1,True,False,2048,640,2560,128,0,128,128,3,324403200,5044.3016688
iq2_fused_grid_timing,mixed-e128,3,0,True,False,2048,640,2560,128,0,128,128,3,324403200,4973.83848826
iq2_fused_grid_timing,mixed-e128,3,1,False,False,2048,640,2560,128,0,128,128,3,324403200,4014.68245188
iq2_fused_grid_timing,mixed-e128,4,0,False,False,2048,640,2560,128,0,128,128,3,324403200,4081.53279622
iq2_fused_grid_timing,mixed-e128,4,1,True,False,2048,640,2560,128,0,128,128,3,324403200,5073.19355011
iq2_fused_grid_timing,mixed-e128,5,0,True,False,2048,640,2560,128,0,128,128,3,324403200,5026.18281047
iq2_fused_grid_timing,mixed-e128,5,1,False,False,2048,640,2560,128,0,128,128,3,324403200,4026.9352595
iq2_fused_grid_timing,mixed-e128,6,0,False,False,2048,640,2560,128,0,128,128,3,324403200,4073.25299581
iq2_fused_grid_timing,mixed-e128,6,1,True,False,2048,640,2560,128,0,128,128,3,324403200,5036.78194682
iq2_fused_grid_timing,mixed-e512,0,0,False,True,2048,640,2560,512,0,0,512,3,1297612800,5047.64874776
iq2_fused_grid_timing,mixed-e512,0,1,True,True,2048,640,2560,512,0,0,512,3,1297612800,8293.68654887
iq2_fused_grid_timing,mixed-e512,1,0,True,True,2048,640,2560,512,0,0,512,3,1297612800,8245.19602458
iq2_fused_grid_timing,mixed-e512,1,1,False,True,2048,640,2560,512,0,0,512,3,1297612800,5292.71761576
iq2_fused_grid_timing,mixed-e512,2,0,False,False,2048,640,2560,512,0,0,512,3,1297612800,5474.29593404
iq2_fused_grid_timing,mixed-e512,2,1,True,False,2048,640,2560,512,0,0,512,3,1297612800,8294.83350118
iq2_fused_grid_timing,mixed-e512,3,0,True,False,2048,640,2560,512,0,0,512,3,1297612800,8259.42103068
iq2_fused_grid_timing,mixed-e512,3,1,False,False,2048,640,2560,512,0,0,512,3,1297612800,5240.94613393
iq2_fused_grid_timing,mixed-e512,4,0,False,False,2048,640,2560,512,0,0,512,3,1297612800,5363.20749919
iq2_fused_grid_timing,mixed-e512,4,1,True,False,2048,640,2560,512,0,0,512,3,1297612800,8296.60669963
iq2_fused_grid_timing,mixed-e512,5,0,True,False,2048,640,2560,512,0,0,512,3,1297612800,8170.94548543
iq2_fused_grid_timing,mixed-e512,5,1,False,False,2048,640,2560,512,0,0,512,3,1297612800,5203.85487874
iq2_fused_grid_timing,mixed-e512,6,0,False,False,2048,640,2560,512,0,0,512,3,1297612800,5267.13212331
iq2_fused_grid_timing,mixed-e512,6,1,True,False,2048,640,2560,512,0,0,512,3,1297612800,8260.30158997
