arm,event,moe,paired,rep,allocation,tokens,iterations,weight_bytes,consumer,microseconds_per_iteration
before,hc_library_norm_microbench,False,False,0,0,2048,16,104857600,hipblaslt-7526,2969.54488754
before,hc_library_norm_microbench,False,True,0,1,2048,16,104857600,hipblaslt-7526,2868.98756027
before,hc_library_norm_microbench,False,True,1,0,2048,16,104857600,hipblaslt-7526,2890.73204994
before,hc_library_norm_microbench,False,False,1,1,2048,16,104857600,hipblaslt-7526,2990.30470848
before,hc_library_norm_microbench,False,False,2,0,2048,16,104857600,hipblaslt-7526,2980.68976402
before,hc_library_norm_microbench,False,True,2,1,2048,16,104857600,hipblaslt-7526,2905.39646149
before,hc_library_norm_microbench,False,True,3,0,2048,16,104857600,hipblaslt-7526,2914.78395462
before,hc_library_norm_microbench,False,False,3,1,2048,16,104857600,hipblaslt-7526,2974.39742088
before,hc_library_norm_microbench,False,False,4,0,2048,16,104857600,hipblaslt-7526,3006.80685043
before,hc_library_norm_microbench,False,True,4,1,2048,16,104857600,hipblaslt-7526,2922.32632637
before,hc_library_norm_microbench,True,False,0,0,2048,16,104857600,hipblaslt-7526,3912.63341904
before,hc_library_norm_microbench,True,True,0,1,2048,16,104857600,hipblaslt-7526,3664.74413872
before,hc_library_norm_microbench,True,True,1,0,2048,16,104857600,hipblaslt-7526,3673.60663414
before,hc_library_norm_microbench,True,False,1,1,2048,16,104857600,hipblaslt-7526,3883.0242157
before,hc_library_norm_microbench,True,False,2,0,2048,16,104857600,hipblaslt-7526,3901.68905258
before,hc_library_norm_microbench,True,True,2,1,2048,16,104857600,hipblaslt-7526,3611.63806915
before,hc_library_norm_microbench,True,True,3,0,2048,16,104857600,hipblaslt-7526,3663.86413574
before,hc_library_norm_microbench,True,False,3,1,2048,16,104857600,hipblaslt-7526,3913.68842125
before,hc_library_norm_microbench,True,False,4,0,2048,16,104857600,hipblaslt-7526,3912.72115707
before,hc_library_norm_microbench,True,True,4,1,2048,16,104857600,hipblaslt-7526,3638.54241371
candidate,hc_library_norm_microbench,False,False,0,0,2048,16,104857600,hipblaslt-7526,2966.69244766
candidate,hc_library_norm_microbench,False,True,0,1,2048,16,104857600,hipblaslt-7526,2880.46956062
candidate,hc_library_norm_microbench,False,True,1,0,2048,16,104857600,hipblaslt-7526,2840.29793739
candidate,hc_library_norm_microbench,False,False,1,1,2048,16,104857600,hipblaslt-7526,2981.67467117
candidate,hc_library_norm_microbench,False,False,2,0,2048,16,104857600,hipblaslt-7526,2985.06474495
candidate,hc_library_norm_microbench,False,True,2,1,2048,16,104857600,hipblaslt-7526,2894.45185661
candidate,hc_library_norm_microbench,False,True,3,0,2048,16,104857600,hipblaslt-7526,2905.33161163
candidate,hc_library_norm_microbench,False,False,3,1,2048,16,104857600,hipblaslt-7526,3003.926754
candidate,hc_library_norm_microbench,False,False,4,0,2048,16,104857600,hipblaslt-7526,3046.02336884
candidate,hc_library_norm_microbench,False,True,4,1,2048,16,104857600,hipblaslt-7526,2883.69202614
candidate,hc_library_norm_microbench,True,False,0,0,2048,16,104857600,hipblaslt-7526,3883.17394257
candidate,hc_library_norm_microbench,True,True,0,1,2048,16,104857600,hipblaslt-7526,3641.15953445
candidate,hc_library_norm_microbench,True,True,1,0,2048,16,104857600,hipblaslt-7526,3619.45271492
candidate,hc_library_norm_microbench,True,False,1,1,2048,16,104857600,hipblaslt-7526,3889.36400414
candidate,hc_library_norm_microbench,True,False,2,0,2048,16,104857600,hipblaslt-7526,3921.07844353
candidate,hc_library_norm_microbench,True,True,2,1,2048,16,104857600,hipblaslt-7526,3576.34878159
candidate,hc_library_norm_microbench,True,True,3,0,2048,16,104857600,hipblaslt-7526,3633.35490227
candidate,hc_library_norm_microbench,True,False,3,1,2048,16,104857600,hipblaslt-7526,3874.79186058
candidate,hc_library_norm_microbench,True,False,4,0,2048,16,104857600,hipblaslt-7526,3909.27839279
candidate,hc_library_norm_microbench,True,True,4,1,2048,16,104857600,hipblaslt-7526,3615.45276642
after,hc_library_norm_microbench,False,False,0,0,2048,16,104857600,hipblaslt-7526,2969.24757957
after,hc_library_norm_microbench,False,True,0,1,2048,16,104857600,hipblaslt-7526,2902.51135826
after,hc_library_norm_microbench,False,True,1,0,2048,16,104857600,hipblaslt-7526,2877.63214111
after,hc_library_norm_microbench,False,False,1,1,2048,16,104857600,hipblaslt-7526,2972.97501564
after,hc_library_norm_microbench,False,False,2,0,2048,16,104857600,hipblaslt-7526,2977.23484039
after,hc_library_norm_microbench,False,True,2,1,2048,16,104857600,hipblaslt-7526,2941.94293022
after,hc_library_norm_microbench,False,True,3,0,2048,16,104857600,hipblaslt-7526,2920.91107368
after,hc_library_norm_microbench,False,False,3,1,2048,16,104857600,hipblaslt-7526,2990.73696136
after,hc_library_norm_microbench,False,False,4,0,2048,16,104857600,hipblaslt-7526,3019.79136467
after,hc_library_norm_microbench,False,True,4,1,2048,16,104857600,hipblaslt-7526,2880.07926941
after,hc_library_norm_microbench,True,False,0,0,2048,16,104857600,hipblaslt-7526,3880.87892532
after,hc_library_norm_microbench,True,True,0,1,2048,16,104857600,hipblaslt-7526,3623.96502495
after,hc_library_norm_microbench,True,True,1,0,2048,16,104857600,hipblaslt-7526,3630.32221794
after,hc_library_norm_microbench,True,False,1,1,2048,16,104857600,hipblaslt-7526,3897.93634415
after,hc_library_norm_microbench,True,False,2,0,2048,16,104857600,hipblaslt-7526,3915.22860527
after,hc_library_norm_microbench,True,True,2,1,2048,16,104857600,hipblaslt-7526,3619.78745461
after,hc_library_norm_microbench,True,True,3,0,2048,16,104857600,hipblaslt-7526,3649.11198616
after,hc_library_norm_microbench,True,False,3,1,2048,16,104857600,hipblaslt-7526,3881.70146942
after,hc_library_norm_microbench,True,False,4,0,2048,16,104857600,hipblaslt-7526,3906.03590012
after,hc_library_norm_microbench,True,True,4,1,2048,16,104857600,hipblaslt-7526,3616.06025696
