arm,historical,metric,minimum,median,maximum,sample_1,sample_2,sample_3
reference,False,prefill_tok_s,1240.388448,1240.504954,1243.235421,1243.235421,1240.504954,1240.388448
reference,False,decode_steps_s,22.94206942,22.97547956,22.9759387,22.94206942,22.9759387,22.97547956
reference,False,prefill_s,1.647314712,1.650940605,1.651095673,1.647314712,1.650940605,1.651095673
reference,False,decode_s,5.527521711,5.527632173,5.535681969,5.535681969,5.527521711,5.527632173
packed,False,prefill_tok_s,1248.952391,1250.450924,1251.281116,1251.281116,1250.450924,1248.952391
packed,False,decode_steps_s,22.95903748,22.96948557,22.98793778,22.96948557,22.95903748,22.98793778
packed,False,prefill_s,1.636722535,1.637809178,1.639774274,1.636722535,1.637809178,1.639774274
packed,False,decode_s,5.524636495,5.529074633,5.531590779,5.529074633,5.531590779,5.524636495
ud,False,prefill_tok_s,1684.846093,1685.149895,1687.181677,1687.181677,1684.846093,1685.149895
ud,False,decode_steps_s,24.30761231,24.32291964,24.34554456,24.34554456,24.30761231,24.32291964
ud,False,prefill_s,1.213858607,1.215322154,1.215541294,1.213858607,1.215541294,1.215322154
ud,False,decode_s,5.216560249,5.221412639,5.224700739,5.216560249,5.224700739,5.221412639
