event,shape,rep,order,candidate,warmup,tokens,output_rows,inner,iterations,weight_bytes,us_per_iteration
q8_k16_phases_timing,ssm2048,0,0,False,True,2048,16384,2560,3,133693440,4766.1151886
q8_k16_phases_timing,ssm2048,0,1,True,True,2048,16384,2560,3,133693440,4880.39239248
q8_k16_phases_timing,ssm2048,1,0,True,True,2048,16384,2560,3,133693440,4907.87156423
q8_k16_phases_timing,ssm2048,1,1,False,True,2048,16384,2560,3,133693440,4904.65831757
q8_k16_phases_timing,ssm2048,2,0,False,False,2048,16384,2560,3,133693440,4936.87089284
q8_k16_phases_timing,ssm2048,2,1,True,False,2048,16384,2560,3,133693440,4935.64446767
q8_k16_phases_timing,ssm2048,3,0,True,False,2048,16384,2560,3,133693440,4927.49754588
q8_k16_phases_timing,ssm2048,3,1,False,False,2048,16384,2560,3,133693440,4934.03053284
q8_k16_phases_timing,ssm2048,4,0,False,False,2048,16384,2560,3,133693440,4909.52459971
q8_k16_phases_timing,ssm2048,4,1,True,False,2048,16384,2560,3,133693440,4939.61747487
q8_k16_phases_timing,ssm2048,5,0,True,False,2048,16384,2560,3,133693440,4921.52468363
q8_k16_phases_timing,ssm2048,5,1,False,False,2048,16384,2560,3,133693440,4896.11212413
q8_k16_phases_timing,ssm2048,6,0,False,False,2048,16384,2560,3,133693440,4942.19048818
q8_k16_phases_timing,ssm2048,6,1,True,False,2048,16384,2560,3,133693440,4937.32388814
q8_k16_phases_timing,output2048,0,0,False,True,2048,2560,6144,3,50135040,2100.34497579
q8_k16_phases_timing,output2048,0,1,True,True,2048,2560,6144,3,50135040,1703.7153244
q8_k16_phases_timing,output2048,1,0,True,True,2048,2560,6144,3,50135040,1769.43365733
q8_k16_phases_timing,output2048,1,1,False,True,2048,2560,6144,3,50135040,1775.0603358
q8_k16_phases_timing,output2048,2,0,False,False,2048,2560,6144,3,50135040,1769.74026362
q8_k16_phases_timing,output2048,2,1,True,False,2048,2560,6144,3,50135040,1818.699042
q8_k16_phases_timing,output2048,3,0,True,False,2048,2560,6144,3,50135040,1784.79337692
q8_k16_phases_timing,output2048,3,1,False,False,2048,2560,6144,3,50135040,1811.11272176
q8_k16_phases_timing,output2048,4,0,False,False,2048,2560,6144,3,50135040,1755.60728709
q8_k16_phases_timing,output2048,4,1,True,False,2048,2560,6144,3,50135040,1756.27406438
q8_k16_phases_timing,output2048,5,0,True,False,2048,2560,6144,3,50135040,1773.11372757
q8_k16_phases_timing,output2048,5,1,False,False,2048,2560,6144,3,50135040,1740.84758759
q8_k16_phases_timing,output2048,6,0,False,False,2048,2560,6144,3,50135040,1790.766716
q8_k16_phases_timing,output2048,6,1,True,False,2048,2560,6144,3,50135040,1785.48638026
q8_k16_phases_timing,attention2048,0,0,False,True,2048,13312,2560,3,108625920,4171.01065318
q8_k16_phases_timing,attention2048,0,1,True,True,2048,13312,2560,3,108625920,4131.83879852
q8_k16_phases_timing,attention2048,1,0,True,True,2048,13312,2560,3,108625920,4163.74429067
q8_k16_phases_timing,attention2048,1,1,False,True,2048,13312,2560,3,108625920,4180.45075734
q8_k16_phases_timing,attention2048,2,0,False,False,2048,13312,2560,3,108625920,4150.02473195
q8_k16_phases_timing,attention2048,2,1,True,False,2048,13312,2560,3,108625920,4188.78364563
q8_k16_phases_timing,attention2048,3,0,True,False,2048,13312,2560,3,108625920,4192.09035238
q8_k16_phases_timing,attention2048,3,1,False,False,2048,13312,2560,3,108625920,4176.51748657
q8_k16_phases_timing,attention2048,4,0,False,False,2048,13312,2560,3,108625920,4138.01161448
q8_k16_phases_timing,attention2048,4,1,True,False,2048,13312,2560,3,108625920,4195.01018524
q8_k16_phases_timing,attention2048,5,0,True,False,2048,13312,2560,3,108625920,4174.02394613
q8_k16_phases_timing,attention2048,5,1,False,False,2048,13312,2560,3,108625920,4194.55687205
q8_k16_phases_timing,attention2048,6,0,False,False,2048,13312,2560,3,108625920,4157.8241984
q8_k16_phases_timing,attention2048,6,1,True,False,2048,13312,2560,3,108625920,4192.87713369
