event,scope,rep,order,candidate,warmup,iterations,input_bytes,weight_bytes,us_per_iteration
expert_order_timing,pack,0,0,False,True,8,52428800,0,349.701136351
expert_order_timing,pack,0,1,True,True,8,52428800,0,428.528994322
expert_order_timing,pack,1,0,True,True,8,52428800,0,434.038996696
expert_order_timing,pack,1,1,False,True,8,52428800,0,357.33088851
expert_order_timing,pack,2,0,False,False,8,52428800,0,355.401009321
expert_order_timing,pack,2,1,True,False,8,52428800,0,427.698999643
expert_order_timing,pack,3,0,True,False,8,52428800,0,433.948874474
expert_order_timing,pack,3,1,False,False,8,52428800,0,357.945889235
expert_order_timing,pack,4,0,False,False,8,52428800,0,354.835987091
expert_order_timing,pack,4,1,True,False,8,52428800,0,428.42912674
expert_order_timing,pack,5,0,True,False,8,52428800,0,432.908862829
expert_order_timing,pack,5,1,False,False,8,52428800,0,356.135874987
expert_order_timing,pack,6,0,False,False,8,52428800,0,355.585992336
expert_order_timing,pack,6,1,True,False,8,52428800,0,428.663998842
expert_order_timing,pack_down,0,0,False,True,3,52428800,330301440,3645.16035716
expert_order_timing,pack_down,0,1,True,True,3,52428800,330301440,3520.90358734
expert_order_timing,pack_down,1,0,True,True,3,52428800,330301440,3513.61687978
expert_order_timing,pack_down,1,1,False,True,3,52428800,330301440,3748.65086873
expert_order_timing,pack_down,2,0,False,False,3,52428800,330301440,3679.73264058
expert_order_timing,pack_down,2,1,True,False,3,52428800,330301440,3500.55058797
expert_order_timing,pack_down,3,0,True,False,3,52428800,330301440,3515.28358459
expert_order_timing,pack_down,3,1,False,False,3,52428800,330301440,3686.50595347
expert_order_timing,pack_down,4,0,False,False,3,52428800,330301440,3685.10595957
expert_order_timing,pack_down,4,1,True,False,3,52428800,330301440,3502.6439031
expert_order_timing,pack_down,5,0,True,False,3,52428800,330301440,3511.57697042
expert_order_timing,pack_down,5,1,False,False,3,52428800,330301440,3690.63886007
expert_order_timing,pack_down,6,0,False,False,3,52428800,330301440,3728.25177511
expert_order_timing,pack_down,6,1,True,False,3,52428800,330301440,3517.83021291
