type,cycle,sample,order,candidate,rotations,microseconds
timing,False,-2,0,False,11,427.934343165
timing,False,-2,1,True,11,434.152343056
timing,False,-1,0,True,11,444.261160764
timing,False,-1,1,False,11,456.079092893
timing,False,0,0,False,11,458.591807972
timing,False,0,1,True,11,448.024836454
timing,False,1,0,True,11,445.755741813
timing,False,1,1,False,11,455.584526062
timing,False,2,0,False,11,455.49362356
timing,False,2,1,True,11,453.613714738
timing,False,3,0,True,11,446.977441961
timing,False,3,1,False,11,456.551811912
timing,False,4,0,False,11,461.257110942
timing,False,4,1,True,11,454.96637171
timing,True,-2,0,False,11,727.675611323
timing,True,-2,1,True,11,696.687351574
timing,True,-1,0,True,11,698.901826685
timing,True,-1,1,False,11,719.254016876
timing,True,0,0,False,11,722.417527979
timing,True,0,1,True,11,710.774291645
timing,True,1,0,True,11,695.225542242
timing,True,1,1,False,11,714.566924355
timing,True,2,0,False,11,726.07200796
timing,True,2,1,True,11,686.709360643
timing,True,3,0,True,11,688.993020491
timing,True,3,1,False,11,713.108712977
timing,True,4,0,False,11,719.01772239
timing,True,4,1,True,11,702.163566243
