event,scope,rep,order,fused,n,launches,weight_bytes,us_per_cycle
shared_q8_timing,producer,0,0,False,2048,16,191037440,1333.030700684
shared_q8_timing,producer,0,1,True,2048,16,191037440,1279.163002968
shared_q8_timing,producer,0,2,False,2048,16,191037440,1335.38544178
shared_q8_timing,producer,1,0,False,2048,16,191037440,1340.06524086
shared_q8_timing,producer,1,1,True,2048,16,191037440,1277.045249939
shared_q8_timing,producer,1,2,False,2048,16,191037440,1333.200454712
shared_q8_timing,producer,2,0,False,2048,16,191037440,1338.732719421
shared_q8_timing,producer,2,1,True,2048,16,191037440,1291.387200356
shared_q8_timing,producer,2,2,False,2048,16,191037440,1347.674846649
shared_q8_timing,producer,3,0,False,2048,16,191037440,1339.312791824
shared_q8_timing,producer,3,1,True,2048,16,191037440,1279.707789421
shared_q8_timing,producer,3,2,False,2048,16,191037440,1339.500308037
shared_q8_timing,producer,4,0,False,2048,16,191037440,1338.252782822
shared_q8_timing,producer,4,1,True,2048,16,191037440,1276.93271637
shared_q8_timing,producer,4,2,False,2048,16,191037440,1337.200403214
shared_q8_timing,producer,5,0,False,2048,16,191037440,1339.347720146
shared_q8_timing,producer,5,1,True,2048,16,191037440,1280.712604523
shared_q8_timing,producer,5,2,False,2048,16,191037440,1339.515209198
shared_q8_timing,producer,6,0,False,2048,16,191037440,1339.555263519
shared_q8_timing,producer,6,1,True,2048,16,191037440,1279.720306396
shared_q8_timing,producer,6,2,False,2048,16,191037440,1338.807702065
shared_q8_timing,producer,7,0,False,2048,16,191037440,1339.992761612
shared_q8_timing,producer,7,1,True,2048,16,191037440,1280.062794685
shared_q8_timing,producer,7,2,False,2048,16,191037440,1340.195298195
shared_q8_timing,producer,8,0,False,2048,16,191037440,1341.460227966
shared_q8_timing,producer,8,1,True,2048,16,191037440,1280.877590179
shared_q8_timing,producer,8,2,False,2048,16,191037440,1339.310288429
shared_q8_timing,producer,9,0,False,2048,16,191037440,1341.015219688
shared_q8_timing,producer,9,1,True,2048,16,191037440,1280.090212822
shared_q8_timing,producer,9,2,False,2048,16,191037440,1338.747739792
shared_q8_timing,producer,10,0,False,2048,16,191037440,1338.582754135
shared_q8_timing,producer,10,1,True,2048,16,191037440,1282.179951668
shared_q8_timing,producer,10,2,False,2048,16,191037440,1338.167786598
shared_q8_timing,producer,11,0,False,2048,16,191037440,1339.582800865
shared_q8_timing,producer,11,1,True,2048,16,191037440,1283.772468567
shared_q8_timing,producer,11,2,False,2048,16,191037440,1363.929271698
shared_q8_timing,producer,12,0,False,2048,16,191037440,1342.872619629
shared_q8_timing,producer,12,1,True,2048,16,191037440,1282.712459564
shared_q8_timing,producer,12,2,False,2048,16,191037440,1343.452572823
shared_q8_timing,producer,13,0,False,2048,16,191037440,1341.335296631
shared_q8_timing,producer,13,1,True,2048,16,191037440,1283.105015755
shared_q8_timing,producer,13,2,False,2048,16,191037440,1343.755125999
shared_q8_timing,producer,14,0,False,2048,16,191037440,1343.572616577
shared_q8_timing,producer,14,1,True,2048,16,191037440,1283.010005951
shared_q8_timing,producer,14,2,False,2048,16,191037440,1346.547484398
shared_q8_timing,complete,0,0,False,2048,16,191037440,2079.077482224
shared_q8_timing,complete,0,1,True,2048,16,191037440,2038.024187088
shared_q8_timing,complete,0,2,False,2048,16,191037440,2078.910112381
shared_q8_timing,complete,1,0,False,2048,16,191037440,2085.757255554
shared_q8_timing,complete,1,1,True,2048,16,191037440,2047.706365585
shared_q8_timing,complete,1,2,False,2048,16,191037440,2094.91944313
shared_q8_timing,complete,2,0,False,2048,16,191037440,2085.394859314
shared_q8_timing,complete,2,1,True,2048,16,191037440,2040.391683578
shared_q8_timing,complete,2,2,False,2048,16,191037440,2089.414596558
shared_q8_timing,complete,3,0,False,2048,16,191037440,2086.442232132
shared_q8_timing,complete,3,1,True,2048,16,191037440,2048.061132431
shared_q8_timing,complete,3,2,False,2048,16,191037440,2088.784694672
shared_q8_timing,complete,4,0,False,2048,16,191037440,2089.36214447
shared_q8_timing,complete,4,1,True,2048,16,191037440,2046.354055405
shared_q8_timing,complete,4,2,False,2048,16,191037440,2094.159603119
shared_q8_timing,complete,5,0,False,2048,16,191037440,2088.334798813
shared_q8_timing,complete,5,1,True,2048,16,191037440,2043.991565704
shared_q8_timing,complete,5,2,False,2048,16,191037440,2086.567163467
shared_q8_timing,complete,6,0,False,2048,16,191037440,2087.867259979
shared_q8_timing,complete,6,1,True,2048,16,191037440,2048.031330109
shared_q8_timing,complete,6,2,False,2048,16,191037440,2088.092327118
shared_q8_timing,complete,7,0,False,2048,16,191037440,2104.13146019
shared_q8_timing,complete,7,1,True,2048,16,191037440,2047.498941422
shared_q8_timing,complete,7,2,False,2048,16,191037440,2090.717077255
shared_q8_timing,complete,8,0,False,2048,16,191037440,2089.972019196
shared_q8_timing,complete,8,1,True,2048,16,191037440,2044.62146759
shared_q8_timing,complete,8,2,False,2048,16,191037440,2090.072154999
shared_q8_timing,complete,9,0,False,2048,16,191037440,2089.537143707
shared_q8_timing,complete,9,1,True,2048,16,191037440,2049.943685532
shared_q8_timing,complete,9,2,False,2048,16,191037440,2091.651916504
shared_q8_timing,complete,10,0,False,2048,16,191037440,2091.792106628
shared_q8_timing,complete,10,1,True,2048,16,191037440,2046.679019928
shared_q8_timing,complete,10,2,False,2048,16,191037440,2089.324712753
shared_q8_timing,complete,11,0,False,2048,16,191037440,2087.444782257
shared_q8_timing,complete,11,1,True,2048,16,191037440,2046.57626152
shared_q8_timing,complete,11,2,False,2048,16,191037440,2105.004072189
shared_q8_timing,complete,12,0,False,2048,16,191037440,2100.724220276
shared_q8_timing,complete,12,1,True,2048,16,191037440,2045.941591263
shared_q8_timing,complete,12,2,False,2048,16,191037440,2091.932058334
shared_q8_timing,complete,13,0,False,2048,16,191037440,2089.309692383
shared_q8_timing,complete,13,1,True,2048,16,191037440,2053.553581238
shared_q8_timing,complete,13,2,False,2048,16,191037440,2086.852312088
shared_q8_timing,complete,14,0,False,2048,16,191037440,2088.712215424
shared_q8_timing,complete,14,1,True,2048,16,191037440,2048.548936844
shared_q8_timing,complete,14,2,False,2048,16,191037440,2091.607093811
