active_experts,arm,repetition,value_us
512,reference,0,5399.52278137
512,reference,1,5406.84604645
512,reference,2,5401.44109726
512,reference,3,5368.78681183
512,reference,4,5363.96694183
512,candidate,0,4263.97705078
512,candidate,1,4256.85214996
512,candidate,2,4252.29692459
512,candidate,3,4242.49219894
512,candidate,4,4234.79700089
128,reference,0,4750.7019043
128,reference,1,4756.86073303
128,reference,2,4746.0308075
128,reference,3,4746.3760376
128,reference,4,4748.8861084
128,candidate,0,3692.46935844
128,candidate,1,3688.1043911
128,candidate,2,3714.28346634
128,candidate,3,3712.30840683
128,candidate,4,3687.57390976
64,reference,0,4620.23878098
64,reference,1,4620.58353424
64,reference,2,4626.59358978
64,reference,3,4617.54894257
64,reference,4,4608.78896713
64,candidate,0,3665.84968567
64,candidate,1,3648.35000038
64,candidate,2,3651.39007568
64,candidate,3,3645.7901001
64,candidate,4,3652.97007561
