label,case,users,samples,timing_source,metric,n,median,min,max
"LIE-MTP","synthetic_repetition_pp2048",1,3,"lie","sum_request_decode_tps",3,21.037458038988198,21.031886970948321,21.039637813536203
"LIE-MTP","synthetic_repetition_pp2048",1,3,"lie","aggregate_output_tps",3,20.93325757055365,20.928434507126617,20.935553158188654
"LIE-MTP","synthetic_repetition_pp2048",1,3,"lie","first_output_seconds",3,0.209203572,0.208946932,0.20939817599999999
"LIE-MTP","synthetic_repetition_pp2048",1,3,"lie","preparation_wall_seconds",3,0.12613144000000001,0.12568864099999999,0.128615962
"LIE-MTP","synthetic_repetition_pp2048",1,3,"lie","measured_wall_seconds",3,6.1146718120000001,6.1140013370000004,6.1160809690000004
"LIE-MTP","synthetic_repetition_pp2048",1,3,"lie","executed_preparation_pp_tps",,,,
"LIE-MTP","synthetic_repetition_pp2048",1,3,"lie","preparation_prefill_tokens",3,0.0,0.0,0.0
"LIE-AR","synthetic_repetition_pp2048",1,3,"lie","sum_request_decode_tps",3,10.422962239342416,10.419043597473543,10.426698500630566
"LIE-AR","synthetic_repetition_pp2048",1,3,"lie","aggregate_output_tps",3,10.398801224050139,10.394266776456002,10.401108132500271
"LIE-AR","synthetic_repetition_pp2048",1,3,"lie","first_output_seconds",3,0.116329009,0.11625465,0.11635616
"LIE-AR","synthetic_repetition_pp2048",1,3,"lie","preparation_wall_seconds",3,0.121347991,0.12084861600000001,0.12238964200000001
"LIE-AR","synthetic_repetition_pp2048",1,3,"lie","measured_wall_seconds",3,12.309111141000001,12.306381048,12.31448093
"LIE-AR","synthetic_repetition_pp2048",1,3,"lie","executed_preparation_pp_tps",,,,
"LIE-AR","synthetic_repetition_pp2048",1,3,"lie","preparation_prefill_tokens",3,0.0,0.0,0.0
