cohort,arm,rep,microseconds_per_cycle
active512-tile64,reference,0,4234.79509354
active512-tile64,reference,1,4214.19286728
active512-tile64,reference,2,4208.71782303
active512-tile64,reference,3,4212.95309067
active512-tile64,reference,4,4210.40821075
active512-tile64,candidate,0,4228.38306427
active512-tile64,candidate,1,4232.5129509
active512-tile64,candidate,2,4229.62760925
active512-tile64,candidate,3,4230.48257828
active512-tile64,candidate,4,4228.39260101
active512-tile128,reference,0,4210.09397507
active512-tile128,reference,1,4217.48781204
active512-tile128,reference,2,4219.65312958
active512-tile128,reference,3,4221.5628624
active512-tile128,reference,4,4272.336483
active512-tile128,candidate,0,4988.01517487
active512-tile128,candidate,1,4982.9750061
active512-tile128,candidate,2,4974.14541245
active512-tile128,candidate,3,4953.80592346
active512-tile128,candidate,4,4991.27006531
active128-tile64,reference,0,3687.40510941
active128-tile64,reference,1,3680.86004257
active128-tile64,reference,2,3684.78488922
active128-tile64,reference,3,3681.18000031
active128-tile64,reference,4,3684.95488167
active128-tile64,candidate,0,3811.42258644
active128-tile64,candidate,1,3824.1519928
active128-tile64,candidate,2,3812.41202354
active128-tile64,candidate,3,3814.02206421
active128-tile64,candidate,4,3851.33624077
active128-tile128,reference,0,3679.70252037
active128-tile128,reference,1,3677.01530457
active128-tile128,reference,2,3677.51026154
active128-tile128,reference,3,3803.36260796
active128-tile128,reference,4,3807.73735046
active128-tile128,candidate,0,4318.49527359
active128-tile128,candidate,1,4320.27053833
active128-tile128,candidate,2,4453.83739471
active128-tile128,candidate,3,4452.22759247
active128-tile128,candidate,4,4441.60795212
active64-tile64,reference,0,3740.00382423
active64-tile64,reference,1,3742.55371094
active64-tile64,reference,2,3744.15874481
active64-tile64,reference,3,3740.51380157
active64-tile64,reference,4,3740.57388306
active64-tile64,candidate,0,3574.5177269
active64-tile64,candidate,1,3567.60311127
active64-tile64,candidate,2,3572.76773453
active64-tile64,candidate,3,3570.76764107
active64-tile64,candidate,4,3572.56770134
active64-tile128,reference,0,3738.2440567
active64-tile128,reference,1,3763.62347603
active64-tile128,reference,2,3747.07841873
active64-tile128,reference,3,3737.64395714
active64-tile128,reference,4,3741.00399017
active64-tile128,candidate,0,4570.5947876
active64-tile128,candidate,1,4589.99919891
active64-tile128,candidate,2,4566.10488892
active64-tile128,candidate,3,4558.56513977
active64-tile128,candidate,4,4576.25961304
