arm,depth,cached_tokens,prefill_tokens,output_tokens,prefill_ms,decode_ms,pp_tps,tg_tps,ttft_seconds,wall_seconds,output_over_wall_tps,completion_sha256,request_sha256,cache_capture_ms,cache_restore_ms,prefill_calls,decode_calls
before,0,0,2040,128,2401.570928,4879.787923,849.4439936025075,26.230648138763385,2.500179151,7.36474372,17.38010239954419,8b7c62fd2312c51a7284a2292a0ce32490cf97c26522cb7f0f65c5e0037d3bb1,ca95be2d0b91b043775075e2aedeeae548e64794bf23421f8531557ac5294266,18.748606,0.00278,1,128
before,4096,4096,2042,128,2290.740389,4933.070845,891.4148498911371,25.947326527802986,2.472209592,7.318967554,17.488805498262494,c6689151effa686471e711afe77a493f49b80eb5ce4aa39a24413ae2a13f8647,cca633c21df0b1c91c4b226f0916680bb15714cc39a9eb7760cbd4e75539977b,26.714867,4.150124,1,128
before,8192,8185,2047,128,2139.709355,4878.569155,956.6719868830036,26.237201100001624,2.257769478,7.131905822,17.947516862204576,2389663aafe0657c3fd28632f9197bb5bd5eb09aaa4fd5d473036d72f3d9325b,c09aeab30bcc0bc4df3c0a7cedded8f4fc3bef29640eb7505e4e342822db2033,41.446992,5.661949,1,128
before,12288,12250,2046,128,2063.445972,4873.159867,991.545224717907,26.266324826892856,2.187350455,7.059855572,18.13068251816073,e7cac829a2823be860358adaa5260957ddce7a8ff14205fe759804b5a8d14087,5497f0494935066b04047e136d0ad7be3dfeafac7523c3044113b09706d5869c,47.515236,7.144034,1,128
before,16384,16325,2046,128,1996.695605,4842.524425,1024.6929952049452,26.43249445251895,2.126367433,6.968907311,18.367298385208787,48e96719af8f4814fb572bc8e039580180f57a64b22ddc374f8318ebcd4a37e3,7502010d68398b88733ca91486282b7505276bfe259600cb0786c324808c23e0,53.297473,8.361388,1,128
before,32768,32719,2028,128,1896.260284,4835.568417,1069.4734352196135,26.470517829920716,2.044964138,6.890349515,18.57670640964575,36cfb862970c7ab7c5e00a9b89fa7a2a2556d612f4543e771206508d7d04d003,fa41aaa1732f6db6f672b2d542f095debd1b4d1f6b301788e76a165311c38321,73.914264,12.959404,1,128
before,65536,65448,2057,128,1988.014628,4911.8558,1034.700636015642,26.059396939136526,2.321209093,7.295422316,17.545248849991317,d3dfeb59043c134d6b95a48cc49a611edcf1a1143dfbfdcdb017893e021a3e41,5422b857931d96beb0a3ef09de6d39e11edb3377955a7bc06b97e2220767ac3e,288.885625,22.651292,2,128
before,131072,130933,2046,128,1865.750662,5079.192847,1096.6095532866009,25.200854516796415,2.442095713,7.651414459,16.728933020931784,c5f994182f860476c931f70e088e1b1f645d43ce38603092675ea0edf1a5b11a,480d123a681b07269f11e1b92653ed592c8707f605d9f4329c20d578638abd33,563.186137,42.500971,1,128
row,0,0,2040,128,1961.720005,5880.050317,1039.9037552762277,21.768521202945344,2.065932446,7.925360907,16.150684051113082,8b7c62fd2312c51a7284a2292a0ce32490cf97c26522cb7f0f65c5e0037d3bb1,ca95be2d0b91b043775075e2aedeeae548e64794bf23421f8531557ac5294266,19.006797,0.0025,1,128
row,4096,4096,2042,128,2264.604466,4808.729751,901.7027170342074,26.618256094217344,2.373249182,7.168975051,17.85471411037276,c6689151effa686471e711afe77a493f49b80eb5ce4aa39a24413ae2a13f8647,cca633c21df0b1c91c4b226f0916680bb15714cc39a9eb7760cbd4e75539977b,26.75287,4.181532,1,128
row,8192,8185,2047,128,1603.34052,4784.586868,1276.7094540840271,26.752571022606418,1.718040695,6.493482317,19.712073391636835,2389663aafe0657c3fd28632f9197bb5bd5eb09aaa4fd5d473036d72f3d9325b,c09aeab30bcc0bc4df3c0a7cedded8f4fc3bef29640eb7505e4e342822db2033,34.37217,5.647553,1,128
row,12288,12250,2046,128,1558.53159,4787.12968,1312.7741607085422,26.738360678794063,1.686035074,6.471665253,19.778526081932995,e7cac829a2823be860358adaa5260957ddce7a8ff14205fe759804b5a8d14087,5497f0494935066b04047e136d0ad7be3dfeafac7523c3044113b09706d5869c,51.596247,7.145014,1,128
row,16384,16325,2046,128,1646.628467,4791.497057,1242.5389460973045,26.713989067989115,1.775976223,6.568014396,19.488386030023555,48e96719af8f4814fb572bc8e039580180f57a64b22ddc374f8318ebcd4a37e3,7502010d68398b88733ca91486282b7505276bfe259600cb0786c324808c23e0,53.718778,8.28727,1,128
row,32768,32719,2028,128,1587.235529,4851.168468,1277.6931734118207,26.38539577512772,1.747936532,6.787306379,18.85873317816231,36cfb862970c7ab7c5e00a9b89fa7a2a2556d612f4543e771206508d7d04d003,fa41aaa1732f6db6f672b2d542f095debd1b4d1f6b301788e76a165311c38321,263.052861,12.771082,1,128
row,65536,65448,2057,128,1744.516475,4871.600471,1179.1232868695035,26.274732659619207,2.055992961,6.996148303,18.295781400904932,d3dfeb59043c134d6b95a48cc49a611edcf1a1143dfbfdcdb017893e021a3e41,5422b857931d96beb0a3ef09de6d39e11edb3377955a7bc06b97e2220767ac3e,267.41649,22.891484,2,128
row,131072,130933,2046,128,1767.976337,4991.899328,1157.255307767165,25.641542745471007,2.422159838,7.539090617,16.978175021715618,c5f994182f860476c931f70e088e1b1f645d43ce38603092675ea0edf1a5b11a,480d123a681b07269f11e1b92653ed592c8707f605d9f4329c20d578638abd33,616.030874,53.078793,1,128
after,0,0,2040,128,1624.410048,4820.090662,1255.8405450099754,26.555517100354493,1.722480834,6.526972087,19.610931116886817,8b7c62fd2312c51a7284a2292a0ce32490cf97c26522cb7f0f65c5e0037d3bb1,ca95be2d0b91b043775075e2aedeeae548e64794bf23421f8531557ac5294266,18.853165,0.00228,1,128
after,4096,4096,2042,128,1801.9212,4778.271681,1133.2349050557816,26.787928469821136,1.909840267,6.674853049,19.176452134654326,c6689151effa686471e711afe77a493f49b80eb5ce4aa39a24413ae2a13f8647,cca633c21df0b1c91c4b226f0916680bb15714cc39a9eb7760cbd4e75539977b,26.592645,4.08988,1,128
after,8192,8185,2047,128,1904.479816,4843.62183,1074.8341792875162,26.42650572082338,2.019689724,6.854808593,18.673023216244314,2389663aafe0657c3fd28632f9197bb5bd5eb09aaa4fd5d473036d72f3d9325b,c09aeab30bcc0bc4df3c0a7cedded8f4fc3bef29640eb7505e4e342822db2033,34.548937,5.637506,1,128
after,12288,12250,2046,128,1561.881587,4785.39692,1309.9584610187226,26.748042459140464,1.682211354,6.464408913,19.80072760288888,e7cac829a2823be860358adaa5260957ddce7a8ff14205fe759804b5a8d14087,5497f0494935066b04047e136d0ad7be3dfeafac7523c3044113b09706d5869c,43.716523,7.007945,1,128
after,16384,16325,2046,128,1631.569665,4789.852618,1254.007134289298,26.723160441092304,1.760585803,6.551191175,19.53843149753602,48e96719af8f4814fb572bc8e039580180f57a64b22ddc374f8318ebcd4a37e3,7502010d68398b88733ca91486282b7505276bfe259600cb0786c324808c23e0,53.871435,8.381334,1,128
after,32768,32719,2028,128,1596.66845,4853.165466,1270.1447191494265,26.374538617472307,1.756034771,6.63133573,19.302295225520123,36cfb862970c7ab7c5e00a9b89fa7a2a2556d612f4543e771206508d7d04d003,fa41aaa1732f6db6f672b2d542f095debd1b4d1f6b301788e76a165311c38321,95.808186,12.707467,1,128
after,65536,65448,2057,128,1734.679581,4883.884028,1185.8097729000708,26.20864854000583,2.129953768,7.071210879,18.101567353921364,d3dfeb59043c134d6b95a48cc49a611edcf1a1143dfbfdcdb017893e021a3e41,5422b857931d96beb0a3ef09de6d39e11edb3377955a7bc06b97e2220767ac3e,341.410024,23.007215,2,128
after,131072,130933,2046,128,1817.910656,4996.801578,1125.4678513749798,25.616386402766224,2.509831133,7.627747575,16.78083847707821,c5f994182f860476c931f70e088e1b1f645d43ce38603092675ea0edf1a5b11a,480d123a681b07269f11e1b92653ed592c8707f605d9f4329c20d578638abd33,672.614092,42.397739,1,128
ud,0,0,2040,128,1592.697516,6104.439055,1280.8458476932792,20.96834759864762,1.806271001,7.914087779,16.17368970049176,b7df29a4a061aef9f0eb72057935f0523ab707463a2ad1f9767d77922f866839,ca95be2d0b91b043775075e2aedeeae548e64794bf23421f8531557ac5294266,66.484579,0.00298,1,128
ud,4096,4096,2042,128,1675.716653,4952.858847,1218.5831037390783,25.84365998589501,1.892940931,6.868174285,18.636684901772263,ac55104592252372c0f561db501d27b5e0d1bcfce052134751655be205cfcb9e,33143e468daba4275e06514acd93f06c643d66dcdb5c310bd506618ba73e8469,96.289053,5.238509,1,128
ud,8192,8185,2047,128,1442.330855,4997.627218,1419.230541247764,25.612154411793906,1.715515486,6.80294186,18.815389376266108,d0d278b0c660be8315d140610050d07709e944f5844e6823240b73505d0bcfd6,3d2c32e9ae3e28e6bbeac043c0dadde19aef890b2b6c7c4ba11abac179a17da6,194.033355,6.554269,1,128
ud,12288,12250,2046,128,1445.853029,4995.415322,1415.0815877980913,25.62349509484889,1.835588896,6.906474734,18.533333564498058,3a7331a66170fc4cc5f709d0cf20d39406378312bb7c960bcaeedf243dbe14ac,7001aa3407f8843974c330a22cc8dd9460ea414cb4400cd3c33ac401d9ae624f,273.164756,7.80458,1,128
ud,16384,16325,2046,128,1478.611383,5002.238351,1383.7307243292066,25.58854477104464,1.965805452,7.09984364,18.028566048815126,c8cb7238bda7125d4814921862ba6a7811242c32b71bc6f335257e472819d04b,7502010d68398b88733ca91486282b7505276bfe259600cb0786c324808c23e0,418.535223,9.470781,1,128
ud,32768,32719,2028,128,1465.516179,5037.648882,1383.812767856178,25.408678333529,2.438848251,7.723238258,16.573358962144294,0fe95638d30ff07dfefbb032ab7f7fb19cc99a74212bd019011af878f5b762ef,fa41aaa1732f6db6f672b2d542f095debd1b4d1f6b301788e76a165311c38321,766.661219,13.40677,1,128
ud,65536,65448,2057,128,1772.135717,5145.962432,1160.7463132012479,24.873869891477668,4.112865262,12.058784281,10.614668694395563,3cadc9bd82a4447226f42c21b0c99510c4cb04ea77f9b4b0088271036a8184b6,5422b857931d96beb0a3ef09de6d39e11edb3377955a7bc06b97e2220767ac3e,4448.151376,391.171182,2,128
ud,131072,130933,2046,128,1597.709785,5519.139772,1280.5830065064038,23.192020004526167,3.92601429,12.313012302,10.395506547102936,236126daab9669af8d70b8a078b131eb9d92a992e2624afab3697f99465eed45,16d0bbd51c50b4572b3804245fb57d6d0dcaf267e201fda05b2fe112da6aaf7c,4918.785239,60.691122,1,128
