arm,requested_depth,attempt,request_index,physical_tokens,cached_tokens,prefill_calls,full_chunks,final_chunk_tokens,prefill_seconds,prefill_tps,request_wall_seconds,request_sha256
before,4096,0,4,4088,0,2,1,2040,4.593756386,889.9035248056796,4.990247596,31ec05f844a5c3851dcf61abf5daa3716b0b6c61b243b5e2661f09aa7932da2f
before,8192,0,6,8138,0,4,3,1994,8.601000442,946.1690014874201,9.007448349,0f35bf9505b89cd87b9aab779f5c138e02338c762ce0dc669e7316adcfcbfb7d
before,8192,1,8,8177,0,4,3,2033,5.8899831979999995,1388.28918947962,6.295063486,b4797e8b69bb0c66a06f1616e0dff644fb2cb3e252f91274bc908e6abc3deb49
before,12288,0,10,12242,0,6,5,2002,12.251058759,999.2605733775177,12.664230329,ac025bfe4b22712949616a661cd438ad9b086a0482fce60e26b4fd3edcb3b2be
before,16384,0,12,16317,0,8,7,1981,15.80556737,1032.3577520520225,16.22691618,7513d825a756b4bb984052b2fb3da3f4f1964db4424bd84cbbd97f4c29870905
before,32768,0,14,32711,0,16,15,1991,30.594191741,1069.189873585162,31.044354698,28a6bb5c17e7e14a3f3800f3d6d5becfa0a9d3d397068e56059cbbb403636d31
before,65536,0,16,65440,0,32,31,1952,58.189040384,1124.6104003116327,59.263713653,5ca7ae42b42bf63a4bb8a27d36fba79b35f6c68919e27d3714f72f572c1fa7f6
before,131072,0,18,130925,0,64,63,1901,118.581125524,1104.0964522933432,119.338214299,5d985fa9606072960554190136f40d83695645dca65a63967e2b38401d6bedc0
after,4096,0,4,4088,0,2,1,2040,3.330140192,1227.5759470488983,3.71676721,31ec05f844a5c3851dcf61abf5daa3716b0b6c61b243b5e2661f09aa7932da2f
after,8192,0,6,8138,0,4,3,1994,6.512987573,1249.503382094047,6.911486535,0f35bf9505b89cd87b9aab779f5c138e02338c762ce0dc669e7316adcfcbfb7d
after,8192,1,8,8177,0,4,3,2033,5.923264234,1380.488811061877,6.321549414,b4797e8b69bb0c66a06f1616e0dff644fb2cb3e252f91274bc908e6abc3deb49
after,12288,0,10,12242,0,6,5,2002,10.803672834,1133.133165739106,11.210772838,ac025bfe4b22712949616a661cd438ad9b086a0482fce60e26b4fd3edcb3b2be
after,16384,0,12,16317,0,8,7,1981,12.208414947,1336.537140229626,12.650400134,7513d825a756b4bb984052b2fb3da3f4f1964db4424bd84cbbd97f4c29870905
after,32768,0,14,32711,0,16,15,1991,25.150845073,1300.5924812886703,25.625800512,28a6bb5c17e7e14a3f3800f3d6d5becfa0a9d3d397068e56059cbbb403636d31
after,65536,0,16,65440,0,32,31,1952,51.595379813,1268.3306186945,52.700647176,5ca7ae42b42bf63a4bb8a27d36fba79b35f6c68919e27d3714f72f572c1fa7f6
after,131072,0,18,130925,0,64,63,1901,109.952704723,1190.7392394742337,110.686415587,5d985fa9606072960554190136f40d83695645dca65a63967e2b38401d6bedc0
ud,4096,0,4,4088,0,2,1,2040,3.236790226,1262.9795923018212,3.831022833,31ec05f844a5c3851dcf61abf5daa3716b0b6c61b243b5e2661f09aa7932da2f
ud,8192,0,6,8138,0,4,3,1994,5.49626859,1480.6408869476302,6.060099759,0f35bf9505b89cd87b9aab779f5c138e02338c762ce0dc669e7316adcfcbfb7d
ud,8192,1,8,8177,0,4,3,2033,5.473456577,1493.937128205338,6.10880087,b4797e8b69bb0c66a06f1616e0dff644fb2cb3e252f91274bc908e6abc3deb49
ud,12288,0,10,12242,0,6,5,2002,8.424640834,1453.1183276792024,9.186364961,ac025bfe4b22712949616a661cd438ad9b086a0482fce60e26b4fd3edcb3b2be
ud,16384,0,12,16317,0,8,7,1981,11.336706311,1439.3069338108921,12.179159738,7513d825a756b4bb984052b2fb3da3f4f1964db4424bd84cbbd97f4c29870905
ud,32768,0,14,32711,0,16,15,1991,23.505744885,1391.617247614827,24.597144428,28a6bb5c17e7e14a3f3800f3d6d5becfa0a9d3d397068e56059cbbb403636d31
ud,65536,0,16,65440,0,32,31,1952,48.481316084,1349.7983405940743,55.195168451,5ca7ae42b42bf63a4bb8a27d36fba79b35f6c68919e27d3714f72f572c1fa7f6
ud,131072,0,18,130925,0,64,63,1901,104.442906514,1253.555692482095,108.618673642,5d985fa9606072960554190136f40d83695645dca65a63967e2b38401d6bedc0
